k1;k2;k3;k4;k5;k6;k7;k8;k9;k10;k11;k12;k13;k14;k15;k16;k17;k18;k19;k20;k21;k22;k23;k24;k25
0x2d;0xb;0x9c;0xaf;0xdd;0xfd;0xba;0xca;0x92;0xf1;0xda;0x3a;0x62;0xc6;0xde;0x75;0x96;0xa1;0x6c;0x89;0xdf;0x20;0x1d;0x11;0x8c
0x7c;0x74;0x8d;0xbe;0xfd;0x10;0x5f;0x8a;0xe6;0x97;0xbe;0xa3;0xe;0x7d;0xa3;0x20;0xf5;0xc0;0x20;0x2b;0x1d;0xdb;0x93;0x82;0x9e
0xe3;0x3;0xbe;0x87;0x73;0x1e;0x85;0xff;0x39;0xe6;0x38;0x49;0x8;0x9d;0xb1;0x27;0x55;0x22;0x41;0x6a;0xf0;0xd4;0x56;0x7b;0xd6
0x16;0xd2;0x28;0xb3;0xad;0xe8;0x0;0x72;0x89;0x2c;0x74;0xfd;0x8d;0xbe;0x1d;0xb;0xb3;0x10;0x9a;0xed;0xe0;0x40;0xd9;0xf8;0xaa
0xa7;0xd0;0x7d;0x53;0xf0;0xa7;0x7;0x8e;0x21;0xe8;0xa1;0xc1;0x2c;0xd5;0x2;0xf9;0xcd;0xa3;0xcc;0x20;0xd6;0x76;0x98;0x7c;0xcd
0xb3;0x7c;0xb9;0x26;0x16;0xe;0x61;0x13;0xea;0x17;0xad;0x45;0x1;0xa8;0x70;0xb7;0x37;0xac;0xa4;0x46;0x2a;0x71;0x58;0x4d;0xef
0xe6;0xbf;0x4f;0xb6;0x23;0xcf;0x99;0xfb;0xc9;0xa9;0x37;0x5e;0x42;0x0;0xfe;0x2a;0x62;0xa0;0x8e;0xc1;0xe2;0x30;0xfa;0x7d;0xa6
0xc4;0x41;0xd1;0xd6;0x6d;0x55;0xb0;0xdf;0xb2;0x7e;0x36;0x97;0xed;0x5a;0x45;0xd;0x80;0x39;0x2a;0x6e;0xcb;0xeb;0xa7;0x11;0x3d
0x6f;0x31;0xa8;0x95;0x53;0x27;0x5b;0x37;0xd1;0x34;0x79;0xd0;0xbe;0x6c;0x29;0xa9;0xaa;0x61;0x49;0xec;0x99;0x31;0xa6;0x44;0x87
0xd4;0xb;0x23;0xf0;0x7b;0x77;0x3c;0x45;0x1d;0x49;0x16;0xfa;0xeb;0xbf;0x37;0x99;0x78;0xe2;0xa1;0x6;0xc6;0xc1;0x4a;0xa1;0x59
0x91;0x19;0x7e;0x85;0x6;0xb7;0xfb;0xe1;0xfb;0xd8;0x9f;0xc7;0x4f;0xe2;0xa7;0x6a;0x4f;0x16;0x36;0xf8;0x73;0xef;0x87;0xf6;0xa4
0xf4;0x34;0xb9;0x43;0x8;0xe6;0x96;0x25;0xc7;0x55;0xce;0xe1;0xa9;0x1b;0x22;0x76;0x1;0x7;0x45;0x40;0x46;0xf5;0xc0;0x66;0xb9
0x6d;0x9d;0xe9;0x9d;0x7d;0x73;0x47;0xf4;0xd5;0x41;0x3e;0x82;0xe;0x53;0x4a;0x83;0x6;0x38;0x29;0xa7;0x55;0x25;0x3;0xa1;0xca
0x5e;0x53;0xc7;0x3;0xb7;0xa;0x20;0x95;0xe2;0x46;0xa7;0x32;0xdf;0xff;0x69;0xf0;0x7e;0x1f;0x42;0x5d;0x10;0x5b;0xf3;0x47;0x7b
0xa8;0xdb;0x48;0x4a;0x5f;0x8e;0x4f;0xd1;0x9b;0xae;0x7d;0xc5;0x3b;0xdf;0x14;0xa8;0x85;0xc8;0xf7;0x41;0x80;0x66;0x85;0xf3;0x2e
0xdb;0x1f;0x74;0x72;0x88;0x7b;0xa0;0xc1;0x45;0x4a;0x52;0x1b;0x43;0xbe;0xa5;0xde;0x5;0x8f;0x3d;0xf;0x49;0x65;0x44;0x4;0x7a
0x93;0x1a;0x4a;0x24;0x93;0xd0;0x70;0x43;0x27;0xfd;0xa6;0xaf;0xc2;0x59;0x5d;0xc2;0xd4;0x5d;0x1;0x27;0x48;0x15;0x8;0x70;0x85
0x5a;0xef;0x92;0x4b;0x7e;0xc0;0x20;0x3c;0xad;0xf5;0xe6;0x55;0xa0;0xb4;0xad;0xae;0x6e;0xfd;0x47;0x6d;0x23;0x9b;0xcb;0xb8;0x3f
0xeb;0x15;0xa0;0x67;0xfd;0x40;0xbd;0x75;0xb1;0xb6;0x43;0xd1;0xe5;0x8;0xff;0xbd;0x5b;0x7b;0x33;0x60;0x39;0xf4;0x82;0x66;0xf0
0xd6;0x1;0x21;0x83;0x5b;0x63;0x29;0xe1;0x29;0x6b;0x25;0x55;0xbf;0x41;0xd2;0x35;0x9;0xe;0xda;0xd4;0x3a;0x8c;0x20;0x1c;0x4f
0x6c;0x7d;0x85;0x87;0x10;0x29;0x52;0x88;0x9;0x14;0xeb;0x78;0x3d;0xb7;0xdc;0x29;0x92;0x26;0x6e;0x5;0xda;0x90;0x21;0xf;0xe7
0xbe;0x7d;0x10;0x4c;0xa5;0x95;0x21;0x98;0x8a;0x3b;0xc3;0x38;0xd2;0x4b;0x6f;0xc1;0xcd;0xd;0x64;0x7d;0x76;0x92;0x20;0x4;0x2f
0x28;0x31;0x1;0x28;0xa8;0xb3;0x53;0x71;0x48;0xb5;0xef;0x6d;0x5c;0xe1;0x97;0x35;0x1c;0xb2;0xc0;0xee;0x93;0x80;0x90;0x8f;0xf8
0xc1;0xbb;0xb2;0x8c;0xc;0x4e;0x45;0x35;0x85;0x3d;0x8a;0xa7;0xb7;0xe9;0x6f;0xba;0x3c;0x3e;0x55;0x15;0xd9;0x35;0x9;0xa1;0xc1
0x92;0xc5;0x79;0xaf;0x3f;0x4d;0x1f;0x4a;0x7b;0xfa;0xae;0xed;0x2e;0xbe;0x1e;0xa4;0xaa;0x39;0xab;0xaf;0x2;0x91;0xd2;0x8d;0x62
0x0;0xca;0x1b;0xb7;0xe3;0x38;0x98;0xa4;0x84;0xaa;0x98;0x9f;0xd2;0xcc;0xb6;0x71;0xa8;0x16;0xc9;0xb9;0x7e;0xc;0xc9;0x45;0x4f
0xf3;0x40;0x58;0x4;0xf1;0xab;0xbd;0x7d;0x2a;0x7f;0x8e;0x57;0xfc;0xbf;0xee;0xd8;0xeb;0x71;0x4c;0xa0;0x30;0x89;0xd;0x9e;0xd6
0xd7;0x36;0x8f;0xbf;0x2c;0x54;0xdc;0x60;0xa0;0xb4;0x80;0x54;0xb2;0x2;0x7e;0xa1;0xc4;0x37;0x9c;0xfc;0x89;0x6c;0x40;0x4f;0x7a
0x2b;0x93;0xd3;0xf8;0x4e;0xcd;0x58;0x10;0x3d;0x48;0xd3;0xdd;0xe4;0xdc;0x32;0x2;0xbf;0x7b;0xfc;0xad;0x97;0x37;0xd0;0x6e;0x6c
0xd5;0x44;0xb4;0x2f;0x51;0x89;0x75;0xc1;0xf5;0x35;0xe7;0x49;0xef;0x6a;0x70;0xfc;0xd5;0xdd;0x12;0x5c;0xd;0x55;0xa;0x96;0x3a
0x66;0xbb;0x42;0x9c;0x59;0x82;0x37;0xb4;0xb;0x1;0xda;0x72;0x3c;0x35;0x3c;0x83;0x5;0x70;0x37;0x48;0x15;0x9f;0xb;0x65;0xd4
0xd5;0x4a;0x98;0xb5;0x95;0x36;0xc;0x33;0x65;0xbc;0x27;0xe6;0x9f;0x64;0x4b;0x1b;0xa;0xf;0xe6;0x44;0x30;0x86;0x70;0x66;0xd
0xa3;0x5c;0x41;0xb0;0x73;0xf2;0x98;0x75;0x4d;0x19;0x2b;0xca;0xbd;0x53;0x43;0x6d;0xf;0x24;0x52;0x10;0xbf;0x55;0x3a;0x64;0x7c
0x35;0xae;0x65;0x6d;0x7b;0x9b;0xc1;0xc3;0xc1;0x33;0xc2;0xf9;0x16;0x27;0x84;0xec;0x7a;0xa0;0x41;0x9c;0x8e;0x47;0x6f;0x91;0xa
0x4d;0x48;0x2f;0x1d;0x69;0xce;0xcf;0x68;0x2;0x8a;0xd4;0x53;0xbc;0xd8;0x4f;0x5d;0xbe;0xeb;0x6c;0x4a;0x88;0x66;0x69;0xb2;0xff
0x37;0xde;0x15;0xe8;0xea;0xf2;0x2e;0x4;0xf5;0x21;0x80;0x3e;0xa3;0x97;0x6e;0x21;0x30;0x90;0x4e;0xc4;0x8f;0xde;0xa9;0x7;0xa7
0x6a;0xab;0xc;0x67;0x78;0x2f;0x11;0x82;0xe8;0x3b;0xab;0x4c;0x72;0x6c;0x4d;0x5a;0x8b;0x6d;0x26;0x3f;0x22;0x8d;0xf2;0x65;0x71
0x34;0x8b;0x3b;0xc4;0xf8;0x6a;0xc;0x3;0x5;0x29;0x22;0xca;0x95;0x63;0xd2;0xd5;0xec;0xf1;0xa5;0xc1;0x7;0x70;0x4;0x65;0xed
0x73;0x50;0xab;0xab;0xd1;0xcc;0xac;0xf5;0x58;0xc6;0xe2;0x80;0xdf;0x8;0x32;0xb5;0xde;0xd1;0x19;0x70;0x83;0x7a;0x9;0xa3;0x88
0x48;0x32;0xc3;0x8b;0x2d;0xf1;0xb8;0xae;0x3e;0x3;0x7b;0x62;0x3b;0xd2;0x25;0x84;0x48;0xb9;0x60;0xad;0x80;0xee;0xd2;0xa5;0x1b
0x57;0xce;0x7a;0xfc;0xf4;0x39;0xb1;0x4d;0x48;0x55;0xba;0x2d;0x45;0x0;0xca;0x43;0xd6;0x9a;0x45;0x3;0xe6;0x49;0x4b;0xd5;0x27
0xe4;0xd1;0xbf;0xd7;0x3c;0xc9;0x81;0x9b;0xfc;0x6;0x88;0x85;0x70;0xe9;0xc6;0x77;0xda;0xa3;0x55;0x75;0xb2;0xc8;0x5b;0x7e;0x96
0x26;0x96;0xa;0x6f;0x9c;0xd2;0x26;0x2c;0xfe;0x2b;0x35;0x61;0x98;0xa8;0x8b;0xc;0x73;0x2f;0x37;0xf4;0xc6;0xbb;0xb;0x9d;0x98
0xd2;0x68;0x31;0xef;0x66;0x54;0x89;0x3b;0x9;0xe8;0x96;0xa6;0xfa;0xb0;0x3c;0x32;0xd3;0x1f;0x47;0xf8;0xf0;0x7e;0xd5;0x32;0x29
0x83;0xf3;0xf8;0xec;0x47;0x65;0x4e;0xdc;0x7e;0x5f;0xff;0x7;0xfd;0xec;0xb9;0x32;0x6f;0xf2;0xd8;0x63;0xf7;0x80;0x61;0x18;0xf
0x7a;0x2;0x39;0xb8;0x11;0x2;0x6c;0xb0;0x6;0x9;0xa1;0x27;0x42;0x39;0x1;0xb9;0xad;0xe1;0xb2;0x22;0xe6;0x68;0x96;0xcc;0xc2
0xd2;0x76;0xb7;0x8d;0x5f;0xe2;0x65;0xb8;0xab;0x3b;0xfa;0x3b;0xdd;0x23;0x98;0xc0;0x85;0x39;0x2e;0x9e;0x59;0x82;0x7b;0x52;0xda
0xe5;0x7f;0xae;0xd6;0xc8;0xc7;0xb4;0xd9;0xb5;0x8c;0x1b;0x67;0x47;0xf8;0x61;0xa6;0x4b;0x9d;0xb1;0xb;0x9c;0xcb;0x1b;0x7f;0x5d
0x1d;0x8d;0x27;0x29;0x91;0x28;0x11;0x6;0x31;0x54;0x3f;0xbb;0xff;0xb7;0xd0;0x52;0x9b;0xbf;0x9f;0xf9;0xb7;0x91;0xca;0xbe;0xb2
0x0;0xeb;0x38;0x98;0x47;0xad;0x98;0xb8;0xea;0x89;0x50;0x6b;0x72;0xcd;0x55;0x5a;0xf1;0x87;0x26;0x5b;0xc9;0xdd;0xa5;0x1;0x5e
0x14;0x8e;0xd8;0xb7;0x87;0xf0;0x25;0x9a;0x8b;0x6e;0x45;0xcf;0xcf;0x34;0x52;0x41;0xbd;0x9d;0xab;0xd0;0xe9;0xad;0x87;0x86;0x49
0xce;0x25;0x87;0x6a;0x0;0xb5;0x12;0x1e;0xc3;0xd0;0xd0;0xb;0x9e;0x80;0x19;0xf6;0xea;0x6b;0x5a;0xb4;0x40;0x15;0xdd;0xc6;0xd9
0x49;0xcc;0x26;0x84;0xb5;0x11;0xc7;0x30;0x10;0xd;0x94;0x51;0x2b;0x1d;0xde;0xcd;0xb0;0x29;0x11;0xfd;0x1a;0x2d;0x60;0x63;0x91
0x13;0xb5;0x97;0x83;0x19;0xf0;0x4;0x84;0x8f;0x19;0xdf;0xde;0x4d;0x70;0x33;0xa5;0xf;0xb8;0x8c;0xfa;0xe7;0x9c;0xa1;0xeb;0xab
0x15;0xc5;0x80;0x57;0x1d;0xad;0xe9;0x32;0x5d;0x4b;0xf1;0xbb;0xb8;0x1;0x73;0xc3;0x7b;0xe4;0xb3;0x29;0x86;0xba;0x21;0x7c;0xae
0xd9;0x91;0x2c;0x6;0x83;0x4e;0xa;0x55;0xcb;0xf0;0xdb;0xd4;0x36;0x4a;0xf1;0x1e;0x3e;0x9e;0x1f;0xa7;0xd7;0x55;0xa;0xdb;0xd4
0x12;0x2b;0x1c;0x9c;0xb7;0x26;0x9;0x5b;0xee;0x10;0xa1;0x4a;0x91;0xed;0x33;0x50;0x32;0x95;0xde;0x97;0x2a;0xb5;0xa;0xd6;0xfb
0x7f;0xe2;0xed;0x5f;0x76;0xc1;0x64;0x3c;0xfe;0x91;0xc6;0x58;0xba;0xa1;0xde;0xf7;0xbb;0xfe;0xf8;0xe9;0xd7;0xcc;0xae;0x36;0xbd
0x2a;0x32;0xe1;0x18;0xf0;0x19;0xd4;0xd4;0x7f;0xde;0x42;0x6e;0x34;0x3;0x4f;0xd8;0xa4;0x6a;0x6e;0xf1;0x20;0xf2;0x36;0xe;0x31
0xad;0x26;0x6a;0x94;0xc3;0xa3;0xc6;0x6e;0x4;0xc0;0xc3;0x6f;0xf9;0xe0;0xe2;0x10;0xea;0x25;0xfd;0xe9;0x62;0x26;0x56;0xd1;0xba
0x93;0x61;0xd;0x6e;0x4d;0x42;0xfb;0xf4;0xea;0xc3;0x95;0x58;0x1a;0x8c;0x54;0x5a;0xd7;0x5f;0xd9;0xe5;0xaf;0x9e;0xf8;0xaa;0xa7
0x7d;0xa3;0xb4;0x16;0x6f;0x1d;0xc7;0xb5;0xf0;0xf4;0xa3;0xe9;0x7e;0xfd;0x26;0xf0;0x8a;0x3a;0x27;0x85;0xe2;0xa;0x49;0x38;0x21
0xcf;0x33;0xe7;0xca;0x64;0x72;0x3f;0xfe;0x9f;0xba;0x75;0x2d;0x9a;0xad;0xda;0x72;0x8a;0xbf;0xe0;0x3e;0xee;0xde;0xa1;0x78;0x83
0xf5;0xca;0x3;0x84;0x59;0xee;0xc2;0x4a;0x13;0xc3;0xba;0x48;0x3a;0xf7;0x4d;0x53;0x36;0x6a;0x2b;0x25;0x17;0xd7;0x72;0xa4;0xad
0x5;0x74;0x1b;0xc7;0x1;0x5e;0x32;0x79;0xae;0x19;0xea;0xed;0x62;0xb4;0xc7;0x12;0xd6;0x91;0xba;0x68;0x60;0xc;0xee;0xf7;0x6a
0x3c;0xb1;0x77;0x16;0xd9;0x50;0x94;0xe7;0x2f;0x47;0xa9;0x2;0x6;0x19;0xfa;0x5d;0x8d;0x7;0x9b;0xee;0x85;0x14;0xe3;0x25;0xbf
0x93;0xe6;0x52;0xdb;0x23;0xd0;0x38;0xc0;0x3f;0x21;0xfa;0x9e;0x41;0x8d;0xce;0x19;0x4f;0x75;0xbd;0x94;0x84;0xae;0x6d;0xb8;0x83
0x38;0x21;0x4f;0xd6;0xd2;0xab;0x57;0x6e;0x8a;0x50;0xa2;0xd6;0x51;0xf6;0x68;0xe0;0x9f;0xbb;0xe6;0x6;0x39;0xb9;0xcc;0xaf;0x49
0xee;0xee;0x54;0xbe;0xbc;0x66;0x5d;0x40;0xe0;0xc2;0xfd;0x1b;0x10;0xda;0x13;0xf2;0x13;0x71;0xd0;0xb;0xe6;0xc1;0xec;0xa8;0xc8
0x29;0x49;0x34;0x2e;0x34;0x6;0xef;0x97;0xb6;0x6d;0xd8;0x60;0x5;0xfe;0xdb;0x3e;0x3c;0xe5;0x8e;0x39;0x3a;0xd3;0xd4;0xcd;0x77
0xb1;0x9c;0x24;0x1d;0x9e;0xfa;0xd2;0x31;0x63;0xb;0x3;0x1;0x11;0xda;0xb4;0xc9;0xd0;0x22;0x8a;0x9;0x52;0x71;0xe2;0x1f;0xf5
0xc7;0xf7;0x4;0x4c;0xda;0x79;0xbf;0x6;0xc1;0x1f;0x53;0x7a;0x3d;0x60;0x33;0xac;0xa0;0xbb;0x21;0xf7;0xec;0x6f;0xc;0xda;0x16
0x90;0x46;0x8d;0xc4;0xc7;0x79;0x57;0x97;0xcd;0xfb;0xd1;0x46;0xc9;0x76;0x11;0x76;0x88;0xc8;0xda;0x89;0x93;0xc1;0x29;0x15;0x7b
0x1d;0x89;0x38;0x60;0x79;0xd7;0x80;0x50;0x76;0x83;0xba;0x94;0xf4;0xe7;0x98;0xcf;0xab;0x7d;0xf8;0x15;0x4c;0xf;0xd9;0xe2;0xbb
0x31;0xd;0x81;0x1e;0xd9;0x7e;0x37;0x34;0x79;0x50;0x6d;0x29;0x99;0xe0;0x89;0x9;0x8e;0xe;0x53;0x83;0xfb;0x35;0x5b;0x6c;0xc1
0x65;0x71;0xc0;0x7f;0xe5;0x25;0xd;0x40;0x6d;0xa0;0xc;0x41;0x1c;0xb2;0x6b;0xb2;0x1d;0x65;0x2e;0x13;0x82;0x83;0xec;0x6e;0x5b
0x8b;0x2a;0xd0;0xd8;0xe9;0x5f;0xf2;0x4;0x69;0xfc;0xee;0x2;0x60;0xb4;0x1a;0xf;0x40;0x9a;0x24;0x8f;0x45;0xfa;0x3b;0x4;0x43
0x4a;0x34;0x5f;0x91;0xd1;0x1;0x37;0xd9;0xb9;0x2c;0x16;0xff;0x12;0x4;0xc2;0xff;0xe2;0x13;0xe3;0xf9;0x8e;0xa6;0x55;0x3c;0x3b
0xbe;0x83;0x1e;0xc1;0xc1;0x1e;0x8a;0xf4;0xb8;0xbd;0x1;0xc5;0x6a;0xa4;0x76;0xc8;0x4;0x7a;0x46;0x86;0xa0;0x8e;0xd6;0x5c;0xcd
0xc7;0x60;0xbc;0x48;0xf2;0xd;0x68;0x15;0x3c;0xa4;0xa3;0x4b;0x28;0x6f;0x26;0xc1;0xbc;0xd4;0xe0;0x5a;0x39;0xc9;0x34;0xcf;0x38
0x26;0x31;0x6b;0xcd;0x9c;0xd6;0x2c;0x19;0x11;0xec;0x53;0x3f;0x4a;0x40;0x2b;0x27;0xb9;0xd8;0x89;0x27;0x7b;0x5;0x3a;0xff;0xe0
0x11;0x3f;0x2;0x39;0xfa;0x9f;0x72;0xfb;0xf3;0xd2;0xf1;0xe1;0xb7;0x89;0x3;0x1b;0xd4;0x62;0xcd;0xef;0xa9;0xdf;0x1e;0x4b;0x22
0x27;0x79;0x7b;0x8d;0xdd;0x9f;0xda;0x9d;0xed;0xa2;0xe1;0xc9;0xb4;0x2f;0x0;0x4c;0xd9;0xfb;0x8b;0x62;0x3b;0x86;0xa2;0x1f;0xf6
0x5;0xd4;0xf;0xd2;0xe;0x86;0x80;0xbb;0x19;0x1d;0xcd;0xb2;0xcf;0xcf;0xf7;0x8f;0xd8;0xcf;0xab;0x7e;0x93;0x52;0x1d;0x51;0xce
0x67;0x6b;0x50;0xe;0xe8;0x97;0x27;0x74;0x61;0xc8;0x8f;0x9d;0x80;0xf8;0x3e;0x5;0xba;0xaa;0x1a;0x7f;0x97;0x5c;0x64;0x73;0xc1
0xc8;0xfc;0xf;0x57;0x5;0xd3;0x34;0x1;0x11;0x7;0x1d;0x3;0x88;0xff;0x56;0x61;0xc6;0x9d;0x18;0x3e;0x1f;0x1f;0xb1;0x4e;0xd7
0x48;0x25;0xa3;0x6e;0xb9;0x81;0x7f;0xd5;0xab;0x30;0x6a;0x73;0xe0;0x67;0xc5;0x36;0x12;0xa3;0x3c;0x67;0xc5;0x3b;0xc3;0x39;0x2d
0xc4;0x8b;0x74;0xb8;0xb0;0x83;0x8c;0xa3;0xcd;0x68;0x61;0x53;0x7d;0xbd;0x52;0x4b;0x47;0x57;0x7;0x1e;0x99;0xd0;0xa1;0x1b;0xe1
0xe6;0x68;0x55;0xce;0x4b;0xec;0x22;0xbd;0x85;0x39;0x32;0xb3;0x85;0xde;0x20;0x99;0xdb;0x5f;0x4a;0xff;0x47;0x1c;0x71;0x48;0x51
0x39;0xd6;0x1a;0xf4;0x70;0x80;0xe7;0x19;0xd8;0x79;0xe2;0x27;0x8d;0xd1;0xfc;0x9f;0x65;0x2a;0xa5;0x8;0xe2;0x52;0x3d;0xae;0x43
0xe9;0x9a;0xcd;0x20;0x7a;0xd1;0xe6;0xe4;0xad;0xd8;0x2a;0xb2;0xea;0xdf;0xad;0x70;0x1d;0xee;0xba;0xe;0x91;0x22;0x15;0xf;0xc7
0xe7;0x37;0x97;0x9;0x3d;0x89;0x98;0x5b;0x6d;0x5c;0x1f;0xba;0xfd;0x79;0xbc;0xf8;0xbf;0xa0;0xf2;0x34;0x78;0xd7;0x26;0xe8;0x46
0x2a;0x6d;0x78;0x99;0x5b;0x79;0x3d;0x8;0x9e;0xad;0x88;0x28;0x2e;0x10;0xe9;0x30;0x95;0x22;0x77;0xd5;0x5d;0x31;0x8;0xf4;0xff
0x7f;0xdc;0x57;0x41;0x35;0x9e;0x7f;0x53;0x98;0x1d;0xab;0x81;0x8f;0x55;0x14;0x22;0xd0;0x47;0x89;0xdb;0x10;0xab;0xd8;0x78;0x1a
0xa1;0xea;0x83;0x2;0x20;0xb0;0xbb;0xba;0xe9;0x95;0xbd;0x8b;0xe7;0xef;0x69;0x50;0x2;0x48;0xc4;0x8;0x0;0x75;0xee;0xdf;0xbe
0x81;0x44;0x17;0xea;0x42;0x13;0x86;0xb6;0x80;0xa3;0xf7;0x49;0x31;0xad;0x6b;0xe4;0x68;0xd8;0xae;0x3f;0x6b;0x6f;0xa3;0x7e;0x3f
0x75;0x72;0x99;0xa6;0x4a;0xd4;0xe;0x2f;0x2e;0xf9;0xb2;0x15;0xdf;0x3d;0x91;0x57;0x98;0x7a;0x65;0x6e;0x1e;0x5a;0xa8;0xe4;0x46
0x7e;0x7e;0x89;0x87;0x75;0x35;0xd4;0x44;0xdf;0x4f;0xe7;0x13;0x4d;0x46;0xba;0xc9;0xc9;0xa9;0x24;0x88;0x32;0x49;0x39;0xe;0x4e
0xc4;0x20;0xd7;0x63;0x29;0x1d;0x8a;0x6a;0x53;0xa6;0xdf;0x13;0xb4;0xd4;0x96;0xfb;0x9e;0x68;0xe7;0xa3;0x93;0x2e;0xe4;0x62;0x91
0xc8;0x2f;0x91;0x37;0xed;0x16;0xa6;0xb9;0xb8;0x1c;0x42;0xea;0x9f;0xbd;0x69;0x3f;0xf;0xd6;0xf3;0xb;0x19;0x95;0x95;0x93;0x9
0x4b;0xf7;0xdb;0x72;0xbe;0x10;0xa8;0x4d;0x24;0xf7;0x65;0x55;0xd5;0xb6;0xd4;0x2c;0x8e;0x61;0x32;0x5a;0x28;0x91;0xca;0x37;0xb2
0x1d;0x9c;0xa4;0x76;0x5c;0xd3;0xf7;0x35;0xda;0xfa;0x4;0xa0;0xb1;0x9e;0x7a;0xbf;0x65;0x30;0x8;0x46;0x1d;0xf0;0xab;0x2e;0xa1
0xb3;0x15;0xe;0x11;0xf1;0xbc;0x95;0x89;0x56;0x4c;0xdf;0x37;0xc;0x7c;0xf3;0xb4;0xe0;0x8c;0xc;0x5b;0x55;0xb0;0x30;0xb6;0x69
0xaa;0x70;0x49;0xdb;0x52;0x93;0x7b;0xa1;0x10;0xd8;0x77;0x2;0xd3;0x32;0x73;0x58;0x44;0x4c;0x77;0xd0;0xe5;0x12;0x33;0x22;0x5
0xa1;0x96;0xa3;0x2;0x67;0xbb;0x94;0xef;0x85;0x28;0x15;0x82;0x1c;0x6b;0xc8;0x4f;0x1c;0xfe;0x70;0x6b;0xe7;0x36;0xe9;0x3a;0x87
0xc8;0x30;0x3f;0x7a;0x69;0xdc;0x42;0x92;0x92;0xba;0x83;0xfb;0x3;0x1f;0x64;0x32;0xd8;0x99;0xb7;0x70;0x52;0xd3;0x34;0x3c;0x8e
0x7;0x7a;0x9f;0xe;0xb2;0x9c;0xca;0xae;0xe9;0xb3;0xca;0xdc;0x8b;0xd6;0x1b;0x31;0xc1;0xeb;0xb1;0xc5;0xbf;0x3b;0x51;0xaf;0xf2
0x9a;0x96;0x41;0x50;0xc6;0xf;0xd7;0x45;0x56;0x19;0xcd;0x76;0x94;0x17;0x70;0xed;0xb8;0xf4;0x6f;0x8;0xe9;0xed;0xa5;0xb0;0xe
0xfc;0x1;0xd5;0xad;0x70;0xd4;0xd4;0x55;0xcf;0x3;0xe9;0x5c;0xee;0x70;0x9d;0x81;0xb5;0xa;0xe;0x96;0x42;0x62;0x52;0x91;0x26
0x41;0xc7;0x2d;0x9c;0xe9;0xa5;0x53;0xa8;0x6f;0xc4;0xe1;0x19;0xbd;0x8e;0xa8;0xb6;0x61;0xcb;0x4f;0x6f;0xad;0x1a;0x68;0x68;0x32
0xc3;0x41;0xf6;0x68;0xf4;0x16;0xd6;0x8;0xc9;0x46;0x57;0xa7;0x4b;0x65;0x7f;0xca;0xb2;0x72;0xa7;0xe5;0x31;0x6d;0x22;0xf9;0xb4
0xab;0x51;0xed;0x84;0x78;0xf8;0xf0;0xbb;0x8;0x11;0xfa;0x8;0x9b;0xf7;0xdd;0x4d;0xdf;0xc6;0xea;0xfa;0xb0;0x20;0xcf;0x67;0xcd
0xf6;0x8c;0x6f;0x82;0xf3;0xe2;0x4b;0x37;0x96;0xf0;0xa6;0x5c;0xa2;0x11;0x59;0xc0;0xb3;0x58;0x5c;0xb1;0xbf;0xeb;0xce;0xb0;0xb5
0x61;0x26;0x6d;0x2;0x45;0xdb;0xf6;0xbc;0x28;0x28;0x2b;0x24;0x4d;0xa5;0x6b;0x80;0x51;0xe9;0x6c;0x4;0x85;0x7d;0xd5;0x78;0xbc
0x76;0x15;0xca;0x65;0x28;0x19;0x5e;0xdc;0xa8;0x50;0x78;0x36;0xf;0xb3;0xa3;0x3a;0xd1;0x78;0x26;0x69;0xc;0x2;0x47;0xba;0x46
0x99;0x94;0x6d;0x70;0x5d;0x89;0xb3;0xe3;0x22;0xad;0xe3;0x3b;0xdf;0xbc;0x6;0x4a;0x9c;0xf1;0x5a;0x9c;0xb9;0x5c;0x5a;0x9f;0xc1
0x6;0xc;0x8d;0x57;0x30;0x1;0xac;0x3;0x10;0x3c;0x25;0x4a;0xa5;0x88;0xac;0x3b;0xbc;0x99;0x60;0x4a;0x4c;0x8b;0x43;0xd9;0x49
0x6f;0x92;0xcd;0x75;0x4c;0x48;0xb1;0x22;0x2d;0xf7;0x8a;0x19;0x6b;0xfe;0x47;0x12;0x1;0xfb;0xde;0xdc;0x2e;0xb3;0xe2;0xa5;0x7a
0xce;0x4f;0x84;0xce;0xda;0xdb;0x93;0xdd;0x2d;0x83;0x83;0xe3;0xc1;0x54;0xb1;0xd5;0x84;0x54;0xb7;0x1f;0x9d;0x68;0x5a;0x94;0x62
0x8d;0x91;0x36;0x9d;0x2f;0x20;0xa2;0xf3;0xa5;0x81;0x2;0x45;0x7a;0x23;0x69;0xb0;0xaf;0x17;0xad;0x96;0x38;0xb5;0xf3;0x9a;0xe9
0xea;0x35;0xfe;0xee;0x5e;0x7e;0x12;0x9c;0xef;0xc1;0xfe;0x68;0x2c;0xa7;0x53;0x4c;0x3a;0x9c;0x7;0x93;0x6e;0x7e;0x98;0x2f;0x70
0x96;0x8a;0xfc;0xe9;0xfe;0xa8;0x4f;0xba;0xc2;0x25;0xc0;0xe9;0x2d;0x35;0xf;0x26;0x6c;0x44;0x13;0xf8;0xe6;0x84;0x84;0x6b;0x1
0x91;0x79;0xa8;0xe8;0xa8;0x58;0xbc;0x22;0x6f;0xce;0xb4;0x52;0x88;0xa0;0x77;0x32;0x5b;0x25;0x17;0x9e;0xa5;0xa7;0x4b;0x4f;0x1e
0xcf;0x9b;0x16;0x74;0xcd;0xbf;0x67;0x6;0x44;0xc5;0x1;0x46;0x1e;0x7f;0x4e;0x32;0x28;0x18;0xd7;0x97;0x7d;0xff;0xe6;0xb;0xe
0x5e;0x21;0xdf;0x38;0xe5;0xbd;0x16;0x58;0x76;0x9b;0x2e;0xd;0xfe;0xc7;0x43;0xea;0xb0;0xcd;0x18;0x71;0xcd;0xe2;0xcd;0x9;0x6c
0xa6;0xee;0xfb;0x56;0x66;0x7e;0xe4;0x81;0x16;0x2a;0x66;0xd8;0x6d;0xc1;0x27;0xba;0xc1;0xe;0x58;0x40;0xf5;0x47;0xc6;0xa4;0x24
0x53;0x90;0xea;0xda;0x14;0x9b;0xa2;0xad;0x4a;0xd4;0xfa;0xbc;0x3;0x4e;0x80;0xc3;0xf2;0xcd;0x3b;0x9a;0x23;0xbb;0x68;0x18;0x25
0x71;0x4d;0x16;0xe5;0xc7;0xee;0xfa;0x61;0x7d;0x53;0x36;0x8a;0x9b;0x55;0x72;0xa3;0x73;0x34;0x9;0xbc;0x32;0x4a;0x34;0x82;0x8f
0xe5;0x37;0xb7;0x36;0x89;0xf6;0xcc;0x62;0xaf;0x5f;0x1d;0xb;0x6c;0xa8;0xf5;0xea;0xb7;0xb6;0x22;0x43;0xd9;0x50;0x36;0x6c;0x72
0x2f;0x8e;0xc9;0x6e;0xb9;0xc1;0x18;0xa6;0x3a;0xf3;0x8a;0x7a;0x20;0x2d;0x51;0x3;0xca;0x11;0xcd;0xa;0xf9;0x24;0x88;0x6b;0xa1
0x3;0x79;0xc;0x28;0xcb;0x81;0xc1;0x59;0x61;0x56;0x26;0x2c;0xe8;0x6a;0xca;0x5f;0xf2;0xfb;0xc7;0xf5;0x78;0x29;0xa8;0xd;0x14
0xce;0x2a;0xc2;0x5e;0x2a;0x9a;0xb2;0x9e;0x99;0x43;0x58;0x1;0xb7;0x35;0x3d;0x52;0xbc;0xd0;0x91;0x3e;0x25;0x85;0xcc;0x86;0xdd
0xd6;0xc3;0xf2;0x7f;0x73;0xfa;0x42;0x4c;0xcb;0xb8;0xe3;0x2c;0xa4;0x88;0x35;0x83;0xdb;0xa2;0x16;0x39;0xd6;0xad;0xf9;0xde;0x1f
0xda;0xf1;0x68;0x88;0x1a;0xe5;0xd6;0xd0;0x49;0x25;0x32;0xaa;0x9a;0xed;0xaa;0x74;0x5d;0xd0;0xf2;0xd5;0x6d;0xd1;0xca;0x3;0xcd
0x97;0xf1;0x45;0x71;0x7c;0xbe;0x53;0x1b;0xc2;0x47;0x79;0x28;0x93;0x6e;0xf9;0xa6;0x32;0x8c;0xb5;0x4e;0x4e;0xb6;0x8d;0x5c;0x82
0x18;0x8e;0x39;0x4d;0x33;0xad;0x14;0x13;0x50;0xe2;0xa8;0x54;0x6f;0x3f;0x7;0xe4;0xb;0xec;0xe8;0x27;0x26;0xbc;0x87;0x5;0xc8
0x42;0x7d;0x4b;0x41;0x7a;0xb9;0xfe;0x5f;0x92;0x87;0x89;0xf9;0xeb;0x9d;0x7b;0x28;0x21;0x15;0x89;0x3f;0x4a;0xc2;0xd0;0xc5;0x9b
0x76;0xfe;0xa2;0x3b;0x61;0x99;0x8f;0x37;0x6d;0xed;0x3c;0x7b;0x9f;0x5c;0xff;0x94;0xa0;0x1d;0x18;0xbf;0xf0;0x67;0x29;0xdd;0x69
0x2a;0xb5;0x39;0x9f;0xf0;0x4f;0x7c;0xfd;0x67;0xaa;0x33;0x44;0x80;0x78;0xd2;0x47;0x2b;0xfe;0x28;0xad;0x8b;0x74;0x10;0x5e;0x2b
0x1;0x1f;0x79;0x64;0x78;0x98;0xd;0x1d;0x5c;0x8f;0x46;0x88;0x6a;0x9c;0xe3;0xf1;0x59;0x60;0xa2;0x95;0x7c;0xe1;0x48;0xe;0x8c
0x0;0xb5;0x6a;0x25;0x46;0x5d;0xb2;0xe2;0x44;0xa6;0x12;0x5f;0x51;0xa9;0x91;0xb9;0xad;0xb8;0xcb;0x21;0xd1;0xd3;0x6c;0x60;0xf3
0xec;0xf3;0x92;0x8;0xe7;0x1d;0xf0;0xc3;0xe8;0xf3;0xd2;0xf9;0x33;0x1;0x32;0x64;0xf;0x72;0x16;0x9;0x35;0x11;0x9f;0xd9;0xc2
0x7;0x97;0x67;0x9e;0xcb;0xf8;0xf8;0x7e;0x4a;0xd2;0x2e;0x63;0xfd;0xac;0xb5;0x6d;0xcd;0x24;0x2d;0xd1;0xa0;0xdb;0x86;0x62;0xa3
0xbf;0x3a;0xa6;0x57;0x6e;0xd2;0x92;0xdc;0xe5;0xb0;0x22;0x81;0x29;0xad;0xcb;0xf6;0x55;0xca;0xca;0x6b;0x14;0x3;0xca;0x71;0x47
0x5;0x4b;0x7a;0xc4;0x2;0x3d;0x5a;0x27;0x49;0x7d;0x0;0x31;0x50;0x8f;0xe5;0x2c;0xcf;0xa6;0xaf;0x58;0xde;0xd9;0xc2;0x8a;0x2
0x9d;0x73;0xa1;0x61;0x8d;0x10;0x71;0x4c;0x6c;0x3;0x33;0x71;0xdb;0xbf;0x5a;0xba;0xe2;0x74;0x81;0x70;0xc4;0x31;0x6e;0x5;0x5d
0x2d;0x9;0x1a;0xb9;0xb8;0x94;0x5c;0xf;0xe6;0xe1;0x98;0x72;0x48;0xa8;0xc1;0x78;0xb3;0xbe;0xdb;0x60;0x83;0x39;0x6e;0x63;0x5a
0xfe;0xb0;0x51;0xf;0xd5;0x68;0x3b;0xcb;0x7f;0x42;0x38;0x78;0x5d;0x0;0xa8;0xd8;0xfd;0x82;0x7a;0xb9;0xb5;0x38;0xdb;0x31;0xf6
0xa8;0xc1;0xc1;0x76;0x1d;0x5d;0x17;0x8b;0x4e;0xd5;0x75;0x88;0xb7;0x44;0xd6;0x94;0x92;0xba;0xdc;0x8b;0x1d;0x32;0x9d;0x89;0xf5
0xa0;0x80;0xb6;0xb7;0xf7;0x4d;0xea;0xe7;0x43;0xe0;0x35;0x88;0xa6;0x71;0x5b;0xba;0x63;0xbe;0x48;0x90;0x2a;0xd3;0xe8;0xe1;0xc
0xc7;0x43;0x10;0x6b;0x1a;0x7f;0x16;0x26;0xe6;0x49;0x1;0x92;0xdf;0xa9;0x58;0xc7;0xd6;0x31;0xe2;0xa3;0x70;0xdf;0x36;0xa4;0x3d
0x78;0xde;0xa;0x8a;0xfb;0xd;0xd5;0x8f;0xa;0xcc;0xc7;0xd1;0x12;0xa9;0x74;0xcd;0x86;0x5d;0x18;0xfe;0x2f;0x95;0xd8;0xe7;0x44
0xb9;0x38;0x21;0xa4;0xf8;0xb7;0xbc;0xb2;0x4b;0x19;0xa4;0xd8;0xd7;0x9f;0x85;0x60;0x78;0xc4;0xfe;0x89;0xe1;0x73;0x9b;0xa;0xde
0x26;0xb3;0x71;0x78;0x6a;0x91;0x44;0x78;0xb6;0x3b;0x20;0x95;0x3c;0x67;0xfe;0x1c;0x9a;0xe5;0x21;0x75;0xfc;0x60;0xe3;0xfd;0x71
0x1e;0x61;0xb1;0x1b;0x2d;0xc8;0x1c;0x6b;0xbe;0x8f;0x1a;0x3e;0x27;0x59;0xc2;0x5c;0x6f;0xb2;0x15;0x84;0xeb;0xf8;0xb4;0xb7;0x6c
0xa;0xf8;0x98;0x8e;0xd1;0xc3;0x76;0x27;0xc3;0x84;0x49;0xdf;0x13;0xb5;0xda;0x7;0x65;0x1e;0xe;0xc;0xc;0x37;0xf;0xcb;0xb8
0x33;0xf8;0x8f;0xd8;0x7e;0x15;0xab;0xf1;0xa2;0xc1;0xbd;0x35;0x2a;0x8e;0x12;0xf5;0xec;0xef;0x1;0x49;0x1a;0xf4;0x9;0xe4;0x12
0x6f;0xb7;0x20;0x12;0xcf;0x8;0x63;0xf0;0xb1;0xe4;0x67;0x2c;0x35;0x66;0x20;0x41;0xf6;0xd0;0x77;0xf4;0x2c;0x4b;0x81;0xd3;0x49
0xef;0xc6;0xf7;0x43;0xc1;0x5f;0x7c;0xff;0xd3;0x4c;0x90;0xfe;0xd3;0xf2;0xdd;0x79;0x5e;0x82;0xc6;0x5b;0x1f;0x21;0x9d;0x3c;0xc1
0xa;0x66;0x45;0x65;0x1b;0x7a;0xd2;0x18;0x21;0xa6;0x20;0x93;0x87;0x48;0x33;0x64;0x30;0x16;0xc2;0xfa;0x35;0xbd;0x27;0x7d;0xe6
0x54;0x90;0xa3;0x75;0x92;0x25;0x3d;0x62;0xee;0x4a;0x66;0x5f;0xb6;0x27;0x39;0x67;0x30;0xdc;0xd7;0xdf;0x42;0xab;0xd;0x47;0x61
0x38;0xc3;0x95;0x8b;0x25;0x6d;0xb4;0x76;0x94;0x58;0xea;0x76;0x10;0xc7;0xa2;0xa8;0x52;0xd6;0xdf;0x9b;0xbf;0xb9;0x61;0xac;0x96
0x16;0x4a;0xd1;0x26;0x3d;0xc5;0x58;0xdb;0xaa;0xb8;0x12;0xa3;0x55;0x40;0x11;0xa1;0x5e;0xda;0xf7;0xd7;0xa6;0x10;0x1;0x1e;0xfe
0x29;0xb7;0xf3;0xdc;0xdc;0x24;0x77;0x3;0x70;0x10;0x5;0xfb;0x9f;0x67;0xee;0xda;0xd0;0xb6;0xda;0x90;0x5e;0xe2;0xa;0x42;0xf9
0xc3;0x91;0x7c;0x15;0xe0;0x57;0x62;0x2a;0x3d;0x2c;0x53;0xc0;0xf4;0xbf;0xe0;0xb7;0xc6;0xd2;0x55;0xff;0x6d;0x9b;0x6a;0xdf;0x25
0xeb;0x31;0xd8;0x27;0x26;0xd;0x10;0x3b;0x10;0x2b;0x48;0xf0;0x86;0x60;0x2e;0xa7;0x57;0x7c;0x89;0x56;0x94;0x40;0xd3;0x99;0x40
0x3;0x31;0x8c;0x3c;0xbd;0xd0;0xb6;0xff;0x70;0x28;0x35;0x9b;0xec;0xf9;0x6d;0x9e;0xd7;0x6;0x57;0x91;0xff;0xad;0x71;0xd9;0xee
0x93;0xfb;0x5f;0x73;0xc7;0xd7;0xc3;0xa7;0x6d;0x31;0x20;0x7c;0x29;0xc4;0x89;0x68;0x2e;0x3b;0x26;0xa5;0x5f;0xb2;0xd7;0x92;0x91
0x5d;0xc8;0x9b;0xe;0x3b;0x54;0xe5;0xf9;0xbb;0xdd;0x4a;0x19;0x65;0x3;0x51;0x3e;0x6c;0xdd;0x4f;0x3e;0x8d;0xb0;0x99;0x94;0x10
0xd2;0xaa;0x7c;0x39;0x88;0x4a;0xae;0x58;0x32;0x81;0xd9;0xd5;0xb2;0xd;0xf9;0x9e;0xf7;0xa6;0xa8;0x6f;0xa0;0xa4;0x38;0x4a;0xe
0xfe;0x50;0x6c;0x50;0x4f;0x82;0x61;0x6b;0x98;0xb0;0x6d;0x51;0xa1;0x55;0x7c;0xf8;0x37;0x1d;0x88;0x4d;0x26;0xaa;0xa2;0xa3;0xf4
0x47;0x18;0x6e;0xd9;0xe5;0xd7;0x37;0x7f;0x9d;0x2a;0x8e;0x81;0x93;0xef;0xa6;0x90;0x28;0x46;0xa2;0x82;0x45;0x75;0xf9;0x10;0x97
0x58;0x40;0x74;0xa5;0xa7;0xa6;0x36;0x7c;0x11;0x0;0xe3;0x69;0xc5;0x9a;0x6c;0x2c;0x7d;0xc8;0x2c;0xd9;0xa0;0x1a;0x16;0x2;0x58
0x8e;0x56;0x39;0x7a;0xa1;0xa6;0x8b;0x64;0x9c;0x28;0x72;0xd3;0xa4;0x6d;0xc5;0xb1;0xee;0x79;0x1f;0x9d;0x3b;0xe3;0xd2;0x95;0x5c
0x49;0x1;0xf9;0x74;0x96;0xf1;0x3f;0x8;0x16;0x76;0x40;0x43;0x7;0x5b;0x93;0x10;0x26;0x12;0x79;0xe6;0x16;0x37;0x24;0xc3;0xc8
0x8c;0xc8;0x66;0x5d;0xb7;0xff;0xfc;0xb7;0x7f;0x7a;0x1a;0xbe;0x32;0x64;0x4;0xf3;0xa;0x92;0x75;0x75;0xed;0x52;0x21;0x68;0x53
0xa6;0xea;0x8;0xc0;0x79;0x4b;0x93;0xc;0x10;0x79;0xcb;0x98;0xcc;0x1e;0xd9;0x6;0x78;0x88;0x41;0x87;0xab;0x71;0xeb;0xbe;0x16
0xb0;0xa1;0x20;0x77;0x10;0x23;0x3a;0xd5;0x16;0xb9;0x82;0x5;0xbe;0x98;0xff;0x13;0x3;0x9f;0x96;0x33;0xc;0xb6;0xc2;0x90;0x31
0xd8;0x24;0xec;0xf8;0xe5;0x21;0xf7;0xdc;0xce;0xe2;0xcb;0x31;0x77;0xb4;0x1;0xc4;0x88;0x68;0x33;0x5d;0x5b;0xef;0xab;0xeb;0xd1
0xaa;0xdd;0x53;0xa4;0x80;0x66;0xb1;0x34;0xe0;0x8f;0x1f;0xb5;0xd4;0xc7;0xfd;0x17;0x48;0xc2;0x39;0xe7;0x68;0x4d;0xaa;0x2c;0x26
0x5;0x5a;0xe3;0x44;0x8c;0xf7;0xb9;0x4e;0xca;0xb8;0xfe;0x88;0x53;0x11;0x93;0xba;0xab;0xbc;0xdd;0x57;0x20;0x45;0xad;0xfb;0xd7
0x9;0x2c;0x5c;0x8;0x58;0xf9;0x57;0x8c;0xa9;0x0;0xae;0x2d;0x21;0x21;0x9e;0xd9;0xd0;0x40;0x75;0xb9;0xc7;0x1a;0x5e;0xaa;0xd5
0xdd;0xb1;0x91;0x1e;0xdc;0x21;0x23;0xf6;0x42;0xbe;0x7;0x70;0x5e;0x20;0x8e;0xf3;0x9f;0x76;0x30;0x67;0x3f;0x6;0x71;0xa3;0x5c
0xc6;0x60;0x4d;0x78;0xc;0x9;0x5a;0xc2;0xc6;0x10;0x96;0xf0;0x94;0x25;0xa;0x51;0xe3;0xff;0xf9;0x84;0x1c;0x57;0xf9;0xda;0xd9
0xb5;0x14;0x23;0xc3;0xa9;0x49;0xdf;0x41;0xa3;0x13;0xec;0x52;0xd3;0x7d;0x47;0xbf;0xf9;0x74;0xef;0xd3;0x31;0x94;0xea;0x32;0x44
0xfb;0x5d;0xea;0xd3;0x4e;0x62;0x6f;0x92;0x2e;0xc6;0x55;0x6d;0xe5;0x1a;0xd1;0x93;0x4a;0xfc;0x81;0xfa;0x82;0x53;0x73;0x53;0x8d
0xeb;0x85;0x77;0xc9;0x31;0xa0;0xf7;0x6e;0x34;0xec;0x7f;0xd2;0x7f;0xdc;0x74;0x88;0x2a;0x3e;0x5c;0x5d;0x35;0xc5;0x3f;0xa;0x8b
0x8e;0xc7;0x5b;0x92;0x80;0xae;0xe;0xf4;0x9e;0x25;0x54;0xef;0xbd;0x2;0xf5;0xad;0x61;0x37;0x9d;0xe4;0xc7;0x1d;0xb6;0x5;0x39
0x8a;0xf;0x63;0x23;0x4b;0x5;0xb5;0xe3;0xf8;0x22;0x10;0x6a;0x95;0xa8;0x85;0x8;0x94;0x5c;0x5b;0x53;0x58;0x6c;0xab;0x6a;0x0
0xc2;0xec;0xd5;0x5;0xf1;0xe9;0x31;0x7c;0xf4;0xd3;0x44;0xb0;0x7e;0x55;0xd2;0x37;0xbd;0x6a;0xb2;0xb7;0x23;0xc;0xf7;0x17;0xb5
0x1;0xac;0x64;0x46;0x28;0xc3;0xb7;0xc0;0xcd;0xc6;0xc3;0x94;0xa1;0xf;0xa;0xac;0xba;0x24;0x80;0xc4;0xe1;0xb4;0xe4;0xb9;0xeb
0x2b;0x90;0x36;0xef;0xcf;0xeb;0xbf;0x26;0xe2;0x21;0x1a;0x9a;0x79;0x33;0x8b;0x96;0xa;0xf7;0x67;0xac;0x68;0x32;0x18;0xbe;0xe4
0x43;0xb2;0xb0;0xf4;0xa6;0xe8;0xfe;0x9a;0xe6;0xa1;0x94;0xc;0x29;0xce;0x6d;0x35;0xa9;0x6d;0x90;0x7;0xbb;0xb7;0xd1;0x52;0xe9
0x8d;0xb6;0x28;0x75;0xaf;0x48;0x87;0x6a;0x20;0xe2;0xe7;0x9c;0x12;0x9a;0x3f;0xcc;0x50;0x19;0xd;0xeb;0x4a;0xc5;0xa8;0xb7;0xc4
0x31;0xd1;0x65;0xc3;0x56;0x33;0x9f;0xf9;0xc3;0xbf;0x9e;0x2b;0x32;0x6f;0x63;0x7d;0xd1;0x76;0xd8;0x71;0xec;0xc2;0x63;0x1d;0x6
0x64;0xd;0x56;0x73;0x61;0x85;0x89;0x28;0xc0;0x4a;0xd4;0x99;0x15;0xaf;0xb8;0x90;0x4b;0x65;0x93;0xa8;0x5f;0x4a;0xda;0xea;0xe3
0xed;0x6;0xaf;0xf2;0xd8;0x4;0x8e;0xca;0xc1;0xff;0x49;0x13;0x59;0xca;0x5d;0x2e;0xd;0x88;0x38;0xb2;0xb9;0xad;0xf4;0x8d;0xce
0x21;0x3c;0xf5;0x45;0xf6;0x40;0x6;0xd2;0x47;0x66;0x6f;0x27;0x96;0x8b;0x59;0x23;0xcd;0xb1;0x83;0xf0;0x14;0xa1;0x3b;0x6a;0x5b
0x4;0x16;0x38;0x95;0xec;0x40;0xfe;0x47;0x76;0x3;0x7a;0x95;0x6f;0x8f;0xd8;0xd4;0xe5;0x8e;0x3d;0x36;0xfb;0xed;0xd7;0xdf;0x6e
0x4c;0xcf;0x79;0x3f;0xec;0xd5;0x49;0x6;0x2a;0xd8;0xc7;0xb5;0x4b;0xd5;0x1;0xa9;0x80;0x34;0xeb;0xf4;0xe8;0x62;0x85;0x29;0xef
0x9a;0x95;0x8;0xa3;0x9f;0x53;0x0;0x2e;0x74;0x5d;0x9f;0x40;0xac;0x41;0x3e;0xc5;0x4d;0x6f;0x8f;0x24;0xa7;0xd8;0x7;0x5c;0xe6
0x59;0x92;0xcd;0x14;0x24;0x32;0x83;0xa9;0xd9;0xb1;0x87;0x28;0x4f;0x82;0x4d;0x2b;0x46;0x39;0xce;0xc5;0x8f;0xcf;0xd8;0xe0;0xce
0x2d;0x2b;0x23;0x79;0x3e;0x7b;0x87;0xf0;0x82;0x3d;0x88;0x5;0x9a;0xa;0x6d;0x62;0x4f;0xff;0x60;0x9e;0x47;0x23;0x67;0x7e;0xd3
0x2b;0xc1;0xcc;0x84;0xb3;0xa7;0x35;0x74;0x15;0xee;0x68;0x35;0xd4;0x68;0xa0;0x36;0x2e;0x93;0x54;0x52;0x54;0x8e;0x6d;0x98;0x0
0xab;0x93;0xd7;0x91;0x1b;0xb7;0x20;0x1;0xe;0x94;0x1a;0xb9;0xbc;0x69;0xbd;0x54;0xb0;0x12;0xbc;0x29;0xca;0x96;0xd;0x11;0xa7
0xa;0x8a;0xc5;0xfb;0xf4;0x21;0x74;0x2d;0x26;0x84;0x58;0x6a;0xc7;0x30;0x5f;0x76;0x2c;0xb0;0x1e;0x8d;0x39;0x2d;0x9f;0x82;0xea
0x6b;0xd0;0xb6;0x3f;0x80;0xfc;0x2;0xcc;0x73;0x4d;0x3d;0x1c;0xe5;0x5;0x1b;0xf8;0xf3;0x5d;0x60;0x0;0x40;0x19;0x4;0x79;0x63
0xf;0xbd;0x19;0x48;0x8e;0x41;0xf7;0xf9;0x62;0xe7;0x75;0x2b;0x42;0xeb;0x1d;0x17;0xc8;0x98;0xc0;0x1c;0x1b;0xaf;0x77;0x1e;0x17
0x79;0x4e;0xf9;0xc4;0x1b;0xe4;0xff;0x22;0xa3;0x21;0x15;0x59;0x65;0x7b;0x41;0x2d;0x7a;0x43;0x38;0x25;0x38;0xf0;0x26;0x79;0x1a
0x79;0x24;0x99;0xa;0x61;0xc8;0xc2;0x38;0x23;0x77;0xec;0xee;0x3b;0x66;0xbe;0x8a;0x77;0x36;0x32;0x8b;0xdf;0x82;0xd4;0x50;0xe1
0x1b;0x27;0x5a;0xb1;0x2c;0xb9;0x21;0x95;0xdd;0x70;0xb8;0x2f;0x88;0x1e;0xe0;0x7f;0xe4;0x70;0xc5;0xd3;0x2a;0x74;0x1f;0xbe;0x6b
0x6e;0xb0;0x48;0xe3;0xde;0x98;0xdf;0xf;0x1a;0xac;0x96;0x2f;0xc1;0x87;0xe2;0x9f;0xa0;0x69;0x64;0x34;0x88;0xa7;0x79;0x4b;0xc6
0x4e;0xdb;0xac;0x3e;0x5f;0x50;0xb1;0xf9;0xc5;0xbd;0x5d;0xd6;0x8c;0x72;0xcf;0xec;0x13;0x3a;0xa0;0x61;0x4;0xf8;0x6a;0xdf;0x45
0xe3;0x24;0xaa;0x58;0x92;0xba;0x74;0x57;0x0;0x58;0xae;0x7d;0xa6;0x35;0xd9;0xf4;0x4b;0x46;0x6c;0x6e;0x41;0xb9;0x60;0x9f;0x96
0x88;0x7b;0xa1;0xd8;0x5d;0xba;0x2d;0x7b;0x75;0x47;0xf8;0x86;0x66;0x4c;0x86;0x59;0xbc;0x83;0xc4;0x6;0xe2;0xc1;0xb7;0xe7;0xdf
0xc1;0xb6;0x3c;0x62;0x9a;0xe8;0x8;0x3e;0x2d;0xb9;0x4b;0xbc;0xc7;0xd1;0xf;0x8;0x8e;0xbf;0x11;0x18;0x2a;0x90;0x14;0xc2;0x6d
0x7a;0x1e;0xab;0xfc;0x73;0x32;0xfb;0xdc;0xf7;0x7b;0x55;0xab;0x4d;0x88;0x48;0xba;0xce;0xd5;0x6f;0xe3;0xfe;0x89;0x3e;0x10;0xf8
0xbe;0xee;0x16;0x4a;0x95;0xf0;0x19;0xad;0xf6;0x8a;0x73;0xac;0x86;0x7b;0xbb;0xd;0xbd;0xe5;0xe8;0xae;0xa2;0x72;0x6f;0x63;0x19
0xb2;0xb2;0x5d;0xf;0xb5;0x38;0x97;0x70;0x5d;0xcf;0xcf;0xda;0x45;0xc5;0xf3;0x95;0xe1;0xeb;0xab;0xb8;0x41;0x3a;0x89;0x96;0xcb
0xd6;0xf7;0xf3;0x80;0xb;0x65;0x6c;0x73;0x8f;0x50;0xd4;0xc3;0xfc;0xd4;0xcc;0x95;0xce;0x39;0x88;0x9f;0xe0;0xd4;0xe6;0x20;0x94
0x42;0x50;0x7d;0x3b;0xf3;0x50;0x28;0xf7;0xc9;0xb7;0xb0;0xa3;0x13;0x3;0x7b;0x4;0x9a;0xc6;0xd4;0x66;0xb4;0xd1;0xf7;0xef;0x15
0xb;0xf2;0xb8;0x19;0xd0;0xe;0xba;0xc7;0xe5;0x51;0x13;0x53;0xb0;0x2e;0x42;0xcc;0xc8;0xb0;0x1c;0xa9;0xce;0xca;0xa2;0xb9;0xcd
0x17;0x79;0xd0;0x56;0xb;0xf7;0x63;0x66;0x6;0x23;0x3d;0xb4;0x12;0x84;0xf9;0xbd;0x80;0x1;0x3c;0xca;0x6d;0x11;0xe2;0x87;0x8b
0x1e;0xeb;0xf1;0x54;0x4e;0x75;0xdb;0xc1;0xe9;0xac;0xf7;0xa5;0xe;0x5;0x20;0xa4;0x5d;0x56;0xa2;0x14;0x93;0xb0;0x57;0x25;0x95
0xf;0x58;0x63;0xbc;0xe0;0xa6;0xf0;0x50;0xd2;0x64;0xaa;0x11;0xae;0xbf;0x45;0xaa;0x2e;0x94;0x12;0xcd;0x41;0x49;0x1e;0xf7;0x4
0x7c;0x85;0xb3;0x21;0xf3;0x4c;0x86;0x77;0x2f;0xd;0x5f;0x7a;0x62;0x9e;0x9b;0xf8;0x5;0x22;0x32;0x1c;0x1d;0xc0;0x68;0x4f;0x14
0x1a;0xf3;0xad;0x47;0x88;0xe9;0xa3;0xc7;0x5c;0x95;0xec;0xc7;0x47;0x6;0xb;0xdd;0x14;0xd4;0x7f;0x9f;0x8e;0xbb;0xe7;0x9e;0xc9
0x96;0xe5;0xd1;0x94;0x20;0x32;0xb8;0xd7;0x6d;0xb2;0x3b;0xfc;0x57;0xda;0x59;0xda;0xcc;0x58;0x7c;0xc8;0x4f;0xba;0xf4;0x9;0x65
0xdc;0x73;0x41;0xf8;0xd3;0x42;0xe9;0x56;0x17;0x33;0xe1;0x55;0xd2;0x1e;0xd2;0x48;0x75;0x16;0xbf;0xc;0x25;0xeb;0xba;0x4c;0xab
0x13;0xcf;0xc6;0x91;0x9a;0x0;0x13;0x3c;0xb7;0x34;0xdd;0x18;0x1b;0x4a;0xa8;0x95;0x48;0xbc;0x91;0xd3;0x8a;0x7a;0xe;0x7b;0xfc
0x20;0xcd;0x25;0x76;0x2f;0xa9;0x51;0xe3;0xdc;0x36;0x71;0xf7;0x44;0xb8;0x37;0xbb;0xa4;0xb7;0x4f;0xbc;0x9a;0xbc;0xe5;0x40;0x4d
0xbc;0xbb;0xf2;0x5d;0xb2;0x6;0xb1;0x81;0xd8;0x7e;0x72;0x7b;0xa0;0xf7;0xb0;0xbd;0x12;0x7a;0x6;0x64;0x84;0xe3;0x79;0x94;0x55
0xa0;0xc1;0x87;0x22;0x74;0xfa;0x9c;0x76;0xbf;0x77;0xfb;0x6d;0x2d;0x61;0xf5;0x57;0xf7;0x14;0x5f;0x5f;0xb2;0x7c;0x5c;0xe4;0x35
0x5f;0x3;0x5;0x85;0x15;0x6f;0xb8;0xdf;0x3b;0x59;0xbc;0xba;0xd7;0x24;0x78;0xf6;0xdf;0xb1;0xb8;0xe3;0xf2;0x44;0x8;0xaf;0xeb
0x4a;0x8b;0x41;0x37;0xec;0x41;0x9c;0x2;0xe7;0xd0;0xf5;0x46;0xbc;0xa;0x83;0xc0;0xd6;0xcd;0x3d;0x39;0x87;0x94;0x4;0xc1;0xf7
0xe2;0x3d;0x30;0xa0;0x47;0x59;0xf4;0xe7;0xee;0xfd;0xd2;0x9a;0xe0;0xd7;0x61;0xbc;0x44;0x1a;0xe1;0xab;0xf7;0x29;0xab;0xa3;0xfb
0xf7;0xcc;0x90;0x62;0xa0;0x69;0xa2;0xf2;0xa6;0xd8;0xd6;0xc;0x56;0x9a;0x34;0xd9;0x16;0xc2;0x21;0x5f;0x47;0xa0;0x10;0xbd;0x3d
0xff;0xd9;0x71;0x8;0xee;0x63;0xaa;0x4e;0xf3;0x45;0x25;0x1b;0xa9;0xeb;0x87;0x61;0x81;0x0;0xb9;0x54;0x2f;0xd8;0x7d;0xcd;0x2b
0xf3;0x70;0x82;0x4c;0xc2;0xb3;0xad;0x1c;0xf5;0x73;0x86;0x9c;0x49;0x82;0xeb;0xf7;0xf8;0x62;0x24;0xbf;0x92;0x15;0x44;0xd8;0xa4
0xd2;0x35;0xbb;0x93;0xce;0x17;0x50;0xcc;0x5c;0xc5;0x51;0x89;0x50;0xd0;0xd8;0x2c;0xd3;0x1a;0x76;0x33;0x27;0x71;0x60;0x51;0xdf
0xcf;0x7b;0xe8;0x20;0x80;0x22;0x5b;0x58;0x2f;0x49;0x68;0xae;0xa1;0xc1;0xed;0x44;0x8c;0x8;0x2c;0x3a;0xac;0x66;0x3c;0x14;0x1
0xb1;0xb4;0xc3;0x6b;0x6a;0xf6;0x81;0x89;0x16;0x47;0xaf;0x2;0x7c;0xdc;0x45;0xad;0x60;0x85;0x7;0x2d;0xbd;0x5;0x6c;0xd9;0x4
0xdd;0xd;0x83;0xd6;0xb9;0xd0;0x61;0x77;0x24;0xb7;0x57;0x7e;0x12;0x54;0x67;0x3e;0x4b;0x2e;0xcf;0xd1;0x15;0xb9;0x59;0x81;0x58
0x6a;0xec;0x26;0x27;0xf;0x21;0xed;0x94;0xd0;0xc3;0x2;0xe5;0x34;0xbc;0xc;0x3c;0xed;0xdd;0x71;0x11;0xcd;0xb8;0x2b;0x49;0xcb
0xcc;0x57;0x3e;0xae;0xc4;0x31;0xf9;0xe3;0xde;0x1;0xb;0xba;0xbe;0x5;0x90;0xd4;0xd8;0xfd;0xa5;0xdc;0x4a;0x82;0x20;0xf4;0x36
0x65;0xe3;0x45;0xd1;0x1e;0x3c;0x2a;0xfd;0xd9;0xf;0x3;0x18;0xf4;0x73;0x2b;0xee;0x50;0x17;0xc6;0x2c;0xc9;0xf1;0xea;0x5f;0xb6
0xc9;0xc3;0x2e;0x2;0xb5;0xf4;0x30;0xd0;0xff;0x2e;0xfb;0x68;0x97;0x90;0x91;0xe2;0x8e;0x32;0x75;0xf3;0x98;0x6c;0x69;0x4;0x89
0x97;0xa5;0xbf;0xb4;0x9f;0x31;0xee;0x46;0x5c;0xa4;0x4c;0xaf;0x11;0x61;0x95;0xff;0x18;0xf0;0x10;0x1;0xcc;0x86;0x71;0xc5;0x9f
0x91;0x1d;0xd8;0xcf;0x33;0x51;0xcc;0x65;0x30;0xfc;0x36;0x68;0xcc;0xd4;0xed;0x98;0x59;0x3b;0x45;0x54;0x92;0x5a;0x4b;0x87;0xe6
0x34;0xd5;0x11;0x58;0x5e;0x57;0x16;0x33;0x1d;0x48;0xf1;0xff;0x3f;0x18;0x72;0x6e;0xb5;0x7e;0x4b;0xf1;0x5b;0xa8;0x12;0x29;0xc5
0xae;0xd0;0x15;0x60;0xf6;0xb5;0x69;0xf6;0x56;0x2c;0xad;0xb;0x4a;0xf3;0x5c;0xbf;0xcf;0xa9;0x65;0x47;0x8f;0xdd;0xf4;0x28;0x5a
0xcf;0x96;0x57;0x1;0x7;0x75;0x5b;0x7e;0x7e;0x96;0x67;0xc3;0xf2;0x45;0x8e;0xce;0x22;0x34;0xa4;0x78;0x11;0x76;0xe6;0x2f;0x42
0xb0;0x9a;0xd0;0x16;0xf2;0x7f;0xf1;0x12;0xda;0x78;0xb9;0x4a;0x3d;0x8a;0x7e;0x84;0xca;0xf8;0x1d;0x41;0x6;0x95;0x48;0x1c;0xed
0xc0;0xa;0x32;0xec;0x30;0xfb;0x91;0x61;0x27;0x26;0x8a;0xa5;0xc6;0x6b;0xb;0x2c;0x61;0x69;0xf9;0xf3;0x63;0xc3;0x3;0xa5;0xe2
0xd2;0xa0;0xbd;0xca;0x23;0x99;0x6d;0xf2;0xa;0x4c;0xee;0xa4;0xc0;0x63;0x29;0x54;0x39;0x1c;0xe5;0x2b;0x56;0x2a;0x15;0xd6;0x8c
0x97;0x6e;0x5d;0xa4;0xb9;0xab;0xdc;0xd7;0xbb;0x71;0x5a;0x35;0xac;0x2f;0xb8;0xd9;0x8;0xaa;0x24;0x9a;0x8d;0x40;0x7a;0x34;0xaf
0x3c;0xde;0xfc;0x4c;0x3;0x85;0xe4;0x47;0x54;0xcf;0x4c;0xd0;0x3d;0x4a;0xad;0xbd;0xd4;0xa0;0x2d;0x79;0x7;0xfb;0xeb;0x3f;0x22
0x18;0xa2;0xdb;0xb3;0xf0;0x19;0x3;0xd5;0xeb;0x85;0x9b;0x61;0x5a;0xb0;0x16;0xd9;0x99;0x31;0xf;0x15;0x47;0x36;0x4;0xc1;0xff
0xd8;0xb9;0x35;0x47;0x1a;0x3c;0x41;0xc2;0xa5;0xfb;0x78;0x9d;0x20;0x6b;0x4b;0xb9;0x88;0xd5;0xa2;0xb5;0xc9;0x89;0x92;0x2f;0x13
0x35;0x41;0xb9;0xd2;0xe8;0x57;0xf2;0xa0;0xd2;0x92;0xf9;0xa1;0x59;0x4e;0xd3;0x86;0x38;0xdb;0x71;0xf7;0xe9;0xee;0xd2;0x8;0x94
0x2b;0x53;0x3d;0xb2;0x90;0xf;0xaa;0xf9;0xb0;0x6b;0x93;0xa3;0x2f;0x6;0x1a;0x7b;0x42;0x78;0x61;0x98;0x2e;0xdb;0xff;0x55;0x9a
0xfe;0x9e;0x29;0x6b;0x42;0xb8;0x69;0x94;0x18;0x3f;0xe4;0xff;0x41;0x27;0xdd;0x6a;0x76;0x75;0xad;0xbd;0x9c;0xb8;0xb9;0x93;0x16
0x96;0x1b;0x63;0xac;0xef;0x87;0x2f;0x35;0x89;0xc0;0x46;0x27;0x67;0x6;0x52;0xef;0x4a;0xcc;0xb;0x16;0xfc;0x81;0x3d;0xd1;0xde
0x4c;0x31;0x87;0xc3;0xf0;0x79;0xf8;0x87;0x9;0xe1;0x1e;0x70;0xec;0x9a;0xf8;0xb0;0x7b;0x3e;0x50;0xf4;0x87;0x9e;0xf1;0xf9;0x6f
0x86;0x59;0x18;0xe;0x66;0xb7;0x70;0x7b;0x97;0x6a;0xdc;0x58;0xed;0xf4;0x6c;0xa4;0x95;0xb1;0xab;0x24;0x42;0xd0;0x73;0x7b;0xe2
0xe7;0xb;0xb6;0x2;0xf;0xb7;0x83;0xcd;0xd0;0x30;0x3c;0x27;0xd2;0x2f;0xb4;0xf9;0x63;0x17;0x32;0x8d;0x43;0x52;0x13;0x96;0x6d
0x9;0xb4;0x32;0x7;0x91;0xdb;0xd9;0x53;0x8b;0x6a;0xf3;0xe5;0xda;0x8d;0x8a;0xe1;0xe5;0x16;0x70;0xa2;0x66;0x10;0x2;0x8f;0x43
0x3a;0xe4;0x64;0x5;0x5d;0xf7;0x2a;0x8d;0xf2;0x50;0x8d;0x9d;0x41;0x9f;0x2e;0x4d;0xa2;0x6d;0x59;0x33;0xf0;0x3a;0xc3;0xa9;0x45
0xf1;0xf8;0xa3;0x75;0x5d;0xe0;0x5f;0x85;0x1e;0x53;0x30;0x4e;0x3a;0x50;0x42;0xe9;0x83;0xa7;0x88;0x66;0xf;0x5f;0x67;0x46;0x55
0x70;0xbc;0x1f;0x51;0x8a;0xaf;0xb5;0x4a;0x63;0xab;0x2d;0xe2;0x2;0x21;0xa0;0xf0;0x62;0x8d;0x43;0x9;0xef;0x6b;0xc8;0xcb;0xd
0xa;0x30;0xae;0x38;0x3e;0x8a;0xb;0x44;0xf0;0x16;0x8d;0x37;0x16;0x9f;0xa6;0x8d;0xf8;0x40;0x41;0xac;0x56;0x97;0xc8;0x9;0x15
0xb6;0xd8;0xc9;0xae;0xf1;0x21;0x1d;0xa9;0xe4;0xd3;0x31;0xc0;0x5;0x82;0xf6;0xf5;0x6;0x83;0x23;0xfb;0x3f;0x39;0x77;0xf1;0xd8
0xfd;0xe4;0x21;0x7e;0xe1;0xa7;0xa;0x3f;0xaf;0xd1;0x8b;0xfd;0x38;0x31;0xf0;0xb1;0x70;0x8c;0x6a;0xfe;0x9;0x7a;0x9f;0xfc;0x10
0xc2;0xdb;0x5;0x35;0x91;0xf1;0x5c;0xf5;0x9a;0xa4;0x68;0x37;0x10;0xf3;0x28;0x4d;0xce;0x32;0xf1;0x7c;0x88;0xde;0x1f;0xeb;0xe9
0x55;0x9a;0x88;0xe1;0xdb;0xa0;0xda;0x4a;0x76;0xb;0x78;0x84;0xba;0xcc;0x5;0x72;0x93;0x6a;0x13;0xe1;0xee;0xff;0xe3;0x83;0xa9
0xb9;0x55;0xc1;0x8d;0xdc;0xad;0xd8;0x74;0xbc;0x3a;0xc0;0x31;0xed;0x60;0xb0;0x2e;0x48;0xe0;0xd1;0xe5;0x90;0xd2;0x13;0x5;0xfe
0xc8;0xea;0xc2;0xb7;0xa9;0xd4;0xab;0x37;0xbc;0x2a;0x86;0xab;0xb1;0x44;0xaa;0x14;0xf6;0xbd;0xa8;0x87;0xb1;0x65;0x14;0x81;0x61
0x5d;0x37;0x2b;0xb5;0xa7;0x77;0xed;0xc9;0x40;0xdf;0x33;0x19;0x25;0xed;0x98;0xf;0x1b;0x43;0x1d;0x4f;0x94;0xb3;0xb0;0x1b;0x12
0x5c;0x4d;0x84;0x79;0x61;0xde;0x43;0x8e;0x99;0x4f;0x1d;0xfa;0xaf;0xa7;0x42;0xf4;0xb7;0xaa;0x4a;0x77;0xe0;0xb9;0x3c;0x95;0xf2
0xdd;0x25;0xd0;0xcf;0x8c;0x73;0x41;0x7a;0xf0;0x62;0xdd;0xa9;0x33;0xa5;0x87;0xee;0xc4;0xe4;0x62;0xc1;0x7c;0x4d;0x19;0xed;0xa4
0x2b;0xde;0x66;0xb8;0x2a;0x9b;0x52;0xd9;0x56;0x89;0xcd;0x86;0xfb;0xd7;0xcb;0x5c;0x3d;0xda;0x2e;0xe2;0xc3;0xd7;0x7;0x4d;0x1f
0x51;0xc3;0xec;0xcb;0xe7;0x69;0x50;0x78;0x59;0x93;0x70;0x18;0x80;0x2f;0x4e;0x3d;0xc7;0x74;0x53;0x4c;0xc0;0x4d;0xf7;0x91;0xc4
0xf8;0x3d;0x57;0xa3;0xb4;0x1;0x87;0xcc;0x47;0x59;0x5f;0x55;0xec;0x45;0x61;0x1;0xd7;0xcb;0x32;0xc1;0x19;0xaf;0x96;0xa4;0xa2
0xbb;0x14;0xb;0xe8;0x63;0xf6;0xcf;0xfa;0x74;0x42;0xd0;0xa6;0xde;0xf4;0x78;0x79;0xa6;0x82;0xb7;0xc8;0x9b;0x9e;0x58;0x49;0x6c
0xbb;0x16;0xb6;0x74;0xb4;0xa;0x5e;0xa4;0x1d;0x19;0xe4;0x49;0xfa;0xb4;0xc6;0xe;0x28;0x86;0x13;0x7d;0x26;0x77;0x4e;0xc5;0xe8
0xd5;0xf8;0xd4;0xf9;0xbc;0x72;0x35;0x2c;0xe5;0xa8;0x9c;0xc2;0xe0;0x7c;0xb4;0xfb;0xbc;0xd8;0x44;0xc7;0xc8;0xa3;0xc1;0x82;0x3c
0xdb;0x70;0x39;0x3;0x70;0x11;0xb;0xc8;0x9c;0xea;0xdf;0xac;0xd9;0x9e;0x92;0x6d;0xa3;0x5e;0xa8;0x8d;0xd9;0x6e;0xa0;0xdf;0x92
0xb7;0x21;0x58;0x33;0xe5;0x48;0xa8;0xb3;0x7d;0x8e;0xac;0x26;0xdd;0x4d;0x3a;0x84;0xf7;0x68;0xe5;0x84;0xab;0x7c;0xf9;0xa7;0xe3
0xc7;0x5f;0xc5;0x7d;0x33;0x8a;0x78;0x3e;0x85;0xc3;0x57;0xcb;0x98;0x52;0xf2;0xc5;0xda;0x49;0x8a;0xdf;0x94;0xb6;0xd8;0xd4;0x57
0xb7;0xd3;0xc;0x27;0x82;0x24;0xd;0xa8;0x7;0x2;0xa1;0xaf;0x7f;0x5d;0x58;0x78;0xb3;0xed;0x46;0xbc;0xeb;0x1e;0x69;0xbb;0x5a
0x91;0xb9;0x76;0x95;0xe2;0x29;0xff;0x7d;0x39;0x3;0xc6;0x94;0xf2;0x7a;0xbb;0x11;0x54;0x5a;0x39;0xad;0xeb;0xce;0x56;0xd5;0x1c
0xb5;0x8e;0x5f;0x9f;0xbc;0x92;0xdb;0x6d;0x4d;0x6f;0xd;0x3e;0xd1;0x35;0x91;0x46;0xa2;0x68;0x6;0xf3;0x32;0x5a;0xe1;0x78;0x15
0xa0;0xf7;0xf7;0x3;0x8f;0xd7;0x3a;0x1c;0x55;0xfb;0x66;0x40;0xa7;0x7;0x41;0xdd;0xbc;0xd7;0x3;0x3d;0x1;0xf9;0x1;0xa2;0xe
0x15;0xd7;0xf9;0x8b;0x91;0x5c;0x96;0x0;0x93;0xad;0xd9;0x20;0x4f;0x16;0xec;0xaf;0x16;0x9a;0x17;0x9e;0x35;0xf2;0xa;0xda;0xce
0x29;0x4e;0x60;0x31;0x59;0x15;0x5d;0x7;0xcc;0xb6;0x93;0x61;0xc4;0x97;0x66;0xa0;0x93;0x85;0xb;0x9f;0x67;0x83;0x65;0x6d;0xcf
0x2a;0x84;0x3a;0x57;0x3c;0x9e;0xb4;0xb2;0x6;0xa7;0x76;0x6b;0x58;0xdf;0x30;0xcb;0x17;0x3c;0x4c;0x25;0xb6;0x30;0x69;0x8e;0xc2
0x48;0xf7;0x2d;0x43;0xe9;0x49;0x29;0x83;0x96;0x79;0xa1;0x11;0x45;0x33;0xeb;0x76;0x1;0x12;0x69;0x1;0x41;0x47;0x61;0xfe;0xfb
0xf1;0xe6;0xae;0x47;0x15;0x3c;0xd6;0x4c;0x67;0x71;0xff;0x98;0x3c;0xc9;0xfe;0x4e;0xbe;0xff;0x6;0x60;0xc7;0x2e;0x77;0x54;0xd9
0x8b;0x2c;0x6b;0x57;0x98;0x3a;0x17;0x86;0xa;0x13;0x3;0x45;0xdd;0x5d;0xa7;0xe9;0x80;0x11;0x3b;0x33;0x66;0xfa;0x13;0xb2;0x6
0x3f;0xd6;0x69;0x7e;0xfd;0x51;0xae;0xbf;0xa;0x99;0x5f;0x79;0x75;0x1a;0xe7;0x51;0xf;0x75;0xe6;0xd5;0xa8;0x3e;0xb4;0x4f;0x74
0xb5;0x9d;0xcc;0x34;0xd1;0x21;0x65;0xf4;0x29;0x0;0xfb;0xeb;0x3;0x36;0xe3;0xf3;0xd5;0x87;0xbf;0xb5;0x6;0x7b;0xc;0xec;0xd4
0x72;0xa5;0xcb;0xd1;0x9c;0xa8;0x57;0xed;0x44;0x5d;0x8e;0x74;0x3f;0x32;0x4d;0xa3;0xb8;0xd9;0xdb;0x84;0xce;0x10;0x25;0xe2;0x2a
0xfd;0xb7;0xb5;0xd6;0x29;0xd0;0x85;0x2c;0x22;0x61;0xbe;0x5a;0xcc;0xf1;0xdf;0x42;0x4a;0x27;0x9e;0x5b;0x2c;0x5;0xb;0x1c;0x3f
0xb2;0x7e;0x51;0x2b;0x27;0xa7;0xa9;0x9;0x5;0xa3;0xec;0xb3;0x22;0x95;0x50;0xb;0x7a;0x9a;0x6d;0xb5;0x5d;0x50;0x7d;0xa3;0x5d
0x5b;0x19;0x0;0xc8;0x96;0xe8;0xe;0x87;0x6;0xb4;0x4f;0x6b;0xed;0xbd;0x3d;0xd8;0x62;0x49;0x5;0x7e;0x6f;0x38;0xcb;0xcd;0xb1
0xbb;0x6a;0x57;0x73;0xef;0x61;0xde;0x67;0x7c;0x9d;0xf7;0x5;0xa4;0x86;0xbd;0xe2;0xd4;0xcf;0x13;0x27;0x29;0x44;0xea;0x8a;0xab
0x58;0xd7;0x1d;0xfe;0xcf;0x25;0x8;0x5e;0x6f;0x7e;0x65;0x5c;0x68;0x3a;0x26;0x72;0x13;0xfa;0xb9;0x3c;0x40;0x86;0xfd;0xbb;0xaf
0xf5;0xb4;0x56;0x7;0x3e;0xee;0x77;0xff;0xac;0x77;0x48;0xf9;0xe;0x5e;0xef;0xd0;0xb8;0xfe;0x6f;0xc6;0xc1;0xfc;0xc8;0x86;0x43
0x92;0x2b;0x10;0x8b;0xd9;0x27;0xf3;0xac;0x52;0xf1;0xeb;0x43;0x3a;0xf5;0x13;0x37;0x2f;0x89;0x1d;0xec;0x6b;0xf;0x21;0x33;0x92
0x7f;0xb5;0x60;0xc9;0x25;0x3;0xfb;0xe5;0x0;0x11;0x38;0xfc;0xd4;0xf6;0xda;0xe5;0x6b;0xd6;0x65;0xc7;0x9d;0x71;0xd;0x6d;0x2b
0x19;0x7e;0xbd;0xe4;0x8a;0x6c;0x3f;0x9d;0x75;0xb1;0x93;0x3f;0x9d;0x92;0x95;0xd3;0xec;0x1d;0xeb;0xd4;0xcc;0x9e;0xaa;0x94;0x97
0xf7;0xe8;0x88;0xba;0xaa;0x3d;0x7a;0xae;0x9a;0x4;0x31;0x77;0x8c;0xc5;0x55;0x24;0x57;0xb;0x5e;0x20;0xed;0xd;0x8d;0x2f;0x24
0xdf;0xc;0xb9;0xf;0x7b;0x33;0x5f;0x59;0x8e;0x1d;0x67;0xbc;0x8e;0x7a;0x83;0xf6;0xeb;0x3b;0xf8;0x58;0xb2;0xa7;0xf5;0xdf;0x82
0xb2;0xc1;0xb7;0x11;0xc7;0xc6;0xd3;0x58;0x32;0xe1;0xc3;0xfb;0xb0;0xeb;0x10;0x45;0xa8;0xa7;0xaa;0xbd;0xa3;0xd5;0x3d;0xad;0x11
0x7c;0x23;0x8a;0x9;0x85;0x32;0xd;0x47;0x98;0x7a;0xe8;0x49;0x88;0x74;0x8e;0xf9;0x12;0xe5;0x1b;0x22;0xcb;0x66;0xb4;0x30;0x42
0xfe;0x65;0xc7;0x60;0xd4;0x5d;0x76;0x19;0x20;0x35;0xd4;0xb3;0xd;0x5d;0xe6;0x9;0x6a;0x87;0x6f;0x59;0x15;0x50;0x16;0xd7;0x96
0x30;0xca;0xef;0xfa;0xe7;0xc0;0xdd;0x5d;0xda;0x6b;0x73;0x7f;0x4b;0xa0;0x70;0xf9;0xb2;0x45;0x4c;0x24;0xe8;0x3;0x9c;0x64;0x30
0x2d;0xc4;0xa3;0x6e;0xf7;0x19;0xc3;0x99;0xf3;0x96;0xad;0xab;0xbc;0x75;0x82;0x73;0x22;0x8c;0x1e;0xec;0xea;0x31;0xbf;0x73;0x25
0xc7;0x8c;0x9a;0x40;0xef;0x42;0xf3;0xc2;0xf3;0x5a;0x29;0xfa;0x19;0x6a;0xe3;0xb1;0x8d;0xad;0xeb;0xd1;0x41;0xea;0x75;0xcf;0xcf
0xb0;0x2a;0xfe;0x5;0x28;0xf0;0xcc;0xbb;0xa2;0xbc;0x94;0xba;0x19;0x6d;0x43;0x43;0x21;0xdc;0x63;0x41;0xa7;0xe9;0x7d;0x8c;0x78
0x4c;0xce;0xe6;0x2;0x92;0xf5;0x3f;0xbf;0x52;0x43;0x9;0x13;0x9c;0xc7;0x68;0x74;0xe1;0x96;0x6a;0xaf;0xef;0x2c;0x3c;0xeb;0x3c
0xe0;0x1;0x7c;0xa9;0xbe;0xcb;0xc4;0xaf;0x4d;0xd8;0xbf;0x16;0x81;0xf6;0x84;0xd0;0x62;0x69;0x66;0x48;0x4d;0x1e;0xf0;0xc5;0x9f
0x87;0x22;0x6;0xdf;0xdb;0x29;0x84;0x60;0x58;0x7b;0x20;0xd7;0xa3;0xa8;0x6e;0xd8;0x7d;0x56;0x91;0x71;0xc5;0x4a;0xc1;0x88;0x73
0x6d;0x53;0xa1;0x6a;0xa0;0x87;0xdd;0x26;0x91;0xf;0x66;0x67;0x78;0x9e;0xad;0x52;0x56;0xf3;0xba;0xff;0x55;0x8;0x5c;0xbc;0x52
0xf7;0xd1;0x8d;0x5c;0xed;0x81;0xa9;0xb8;0x9c;0x87;0x35;0x44;0x31;0xb9;0xfe;0xbf;0x89;0xd7;0x47;0xe9;0x64;0xa5;0xe7;0x1e;0x2e
0x31;0xdc;0x84;0x17;0xb7;0xd4;0x1b;0x7f;0x40;0x1b;0x29;0x50;0xf3;0x7b;0xf6;0x25;0x75;0x96;0x2b;0xc3;0xea;0x5a;0x6b;0xe4;0x46
0x38;0x89;0x25;0xfe;0xd;0x72;0x23;0x32;0x63;0x87;0xa7;0x5;0xfe;0x3;0x1e;0x99;0xe8;0x95;0x76;0xcf;0xe8;0x48;0x7a;0x2;0xe0
0x77;0xbb;0xca;0x58;0x53;0x6e;0xd1;0x9e;0x58;0x1b;0xb2;0xda;0x99;0x12;0x7f;0xda;0x98;0x2c;0xad;0x58;0x65;0xb6;0xc;0xc2;0xd2
0xf7;0xc1;0x14;0x91;0xc8;0x46;0x65;0xd5;0x46;0xe7;0x97;0x38;0xa5;0x9c;0x4c;0xa9;0x1b;0x36;0xab;0xc1;0xba;0x17;0xdf;0xe9;0xf9
0xd1;0x38;0x9e;0x4;0xec;0x73;0xd;0x78;0xe8;0xec;0x8;0xb1;0x15;0x1f;0x7a;0x53;0x29;0x88;0x86;0x9c;0xc4;0xe3;0x59;0xc0;0x62
0x2f;0x18;0x26;0x9b;0xef;0x15;0x40;0x75;0xfe;0xf4;0x72;0x24;0x16;0x98;0x62;0xa0;0x26;0x3b;0x91;0x1b;0xa9;0xa5;0x49;0xe0;0x1e
0x99;0xb5;0xdf;0xd;0x99;0xe4;0xf8;0x5c;0x16;0x74;0x23;0x9d;0x70;0x6d;0xb8;0x6e;0xf5;0x5c;0xa8;0x67;0xb6;0x53;0x19;0xa4;0xa4
0x85;0xfe;0x64;0xcd;0xc6;0xb9;0x3f;0x36;0x9b;0xd1;0xf5;0xad;0xc7;0xef;0x68;0x2f;0x24;0xdc;0x3d;0x5a;0x87;0x17;0xb8;0x7e;0x67
0x96;0x87;0xfc;0x67;0x56;0x2b;0x7;0x62;0xaf;0xc5;0xfb;0xc4;0xbf;0xa4;0x5;0x2b;0xc9;0xfe;0x70;0x1e;0x4e;0xe6;0x3d;0x3d;0xe9
0x2;0xd2;0x28;0x4a;0xd3;0x87;0xd2;0xe5;0x79;0x2e;0xe8;0xdc;0x41;0x56;0xad;0xdf;0x16;0xb8;0x54;0x9d;0x32;0x59;0x79;0x4d;0xc9
0x87;0xf8;0x7d;0x3c;0x9b;0x8f;0x21;0x72;0x79;0x2c;0xe7;0xb;0xc;0xb4;0xd1;0x84;0xa4;0xdc;0x87;0x40;0x6d;0x8a;0xa7;0xbb;0xe4
0xcc;0xb8;0xbc;0x95;0xe5;0x8;0x20;0x2b;0x7f;0x7b;0x8c;0x4b;0xfc;0x60;0x7b;0xec;0xbd;0x5c;0xb4;0xe;0x62;0xb6;0x3d;0xb9;0x4b
0x64;0xe2;0xa8;0x18;0x47;0xc1;0x65;0x38;0x7e;0xc1;0xe1;0x34;0xac;0x30;0x55;0xa0;0xe5;0x5b;0xc9;0x16;0xbd;0xfd;0xce;0xee;0x61
0xb4;0xaf;0x7e;0x69;0x13;0x76;0xea;0x93;0x9b;0xd6;0xb9;0xab;0x66;0xb;0xac;0x41;0xc;0x10;0x8b;0x66;0xb5;0x73;0x39;0x30;0xfc
0x29;0x7;0x40;0x3d;0x3e;0x86;0xec;0xff;0xc6;0xac;0x55;0xc2;0xf6;0x3;0x5d;0x9e;0xc1;0xab;0x5e;0x8d;0xc0;0x1f;0x14;0xd;0x71
0x9c;0x36;0xc7;0x7;0x7f;0x6d;0x3f;0xd5;0x71;0x9a;0xf7;0x22;0xd1;0x18;0x9;0x2b;0xd1;0x3b;0xd2;0x59;0x4b;0x38;0xf6;0xed;0xb8
0x6c;0x94;0xa2;0x33;0x8;0x54;0xcf;0x6b;0xda;0xc9;0xc2;0x5f;0x7b;0x9a;0xad;0xe1;0x23;0x8a;0xbe;0xf4;0xfe;0xfd;0x1b;0xcf;0xa7
0x13;0x3f;0x9c;0x94;0x63;0x52;0xc0;0xc7;0x8d;0x72;0xe7;0xe0;0xe0;0x86;0x95;0x68;0xb2;0xe5;0x61;0xe9;0xe0;0x12;0xe3;0x45;0x62
0x6d;0xb1;0xb0;0x7c;0xb4;0x79;0x66;0x4f;0xfc;0x83;0x8a;0xc8;0xae;0xc0;0x21;0x1b;0x3b;0xe8;0xf7;0x41;0xb3;0xfc;0xbb;0xa6;0x5f
0x83;0xd2;0x1e;0xe0;0x1c;0x65;0xf1;0x99;0xf5;0xdb;0x55;0x1b;0xc9;0xc5;0xc1;0xea;0x71;0xe8;0xd6;0x8a;0x63;0xde;0x4;0x68;0x95
0x1c;0x5a;0xfe;0xcd;0x67;0xa2;0x22;0xc8;0x6e;0xf8;0x74;0xf6;0x8a;0xb2;0x47;0x49;0x6d;0xfd;0x96;0xe3;0xe;0xe;0x15;0x89;0x69
0x95;0x5f;0xe0;0xaa;0x8d;0xa9;0x6a;0x46;0x9d;0xe9;0x39;0x79;0xda;0x13;0x89;0x33;0xe2;0xfa;0x67;0xc2;0x5a;0xd0;0x48;0x6b;0x77
0xb4;0x35;0xa2;0xd5;0x1;0x2d;0x7;0xda;0x2f;0x43;0xf9;0x56;0x8;0x43;0x90;0x6d;0x51;0x2a;0x4;0x93;0xec;0xde;0xf2;0xfa;0x86
0xd1;0x40;0x22;0x95;0xb5;0x9a;0x1e;0xa;0x13;0x2b;0xf;0x23;0x8;0x3b;0xb4;0xd0;0x19;0x2a;0xbd;0x3f;0xbc;0xfb;0x5a;0xae;0x1b
0x43;0x5;0x74;0x6b;0x2e;0xd0;0x39;0xcf;0x7e;0x45;0xd7;0xc6;0x7d;0xb7;0xee;0x7c;0x59;0xde;0x4c;0xb6;0x89;0x8e;0xb3;0x8a;0xc8
0x1e;0x9d;0x51;0x1;0x83;0x53;0x96;0x5b;0xb8;0xf4;0xf8;0xc6;0xb3;0xde;0xcb;0xc9;0x10;0x69;0x9c;0xf2;0xcc;0x5e;0xd7;0x79;0x53
0xd3;0xb;0x4;0xee;0xfb;0x9e;0xaf;0xda;0x1b;0x86;0xbe;0xd0;0x4f;0xd7;0xfc;0x71;0x98;0x41;0x78;0xc2;0x9b;0xe3;0x72;0xdf;0xef
0x40;0x69;0x25;0x24;0x1b;0x5e;0x78;0xe7;0x32;0x66;0xa7;0xb5;0xdb;0xf3;0x99;0xfa;0xfe;0xdc;0x4d;0x95;0x40;0xa4;0x16;0x82;0xcf
0x53;0x0;0x1f;0xca;0xa5;0x22;0x5c;0x6a;0x8a;0x6b;0x82;0x6e;0x8e;0xd7;0x0;0x61;0xc1;0xba;0x35;0x92;0x5d;0x61;0x33;0x7a;0xd0
0x21;0x7;0x8a;0x26;0x75;0xc4;0x38;0x77;0xb2;0xaf;0x97;0x56;0x77;0xae;0x35;0x2f;0x7c;0x1e;0x7d;0x61;0x9;0x6f;0xa4;0xe8;0x9d
0xbd;0x70;0x96;0xb3;0x7c;0x4a;0x8f;0x4b;0x1e;0xeb;0xfd;0xfe;0x22;0x63;0xeb;0xdf;0x3a;0xcf;0x4f;0xc4;0x81;0x2b;0x9d;0xc7;0x16
0x94;0xbd;0xa1;0x8b;0xbe;0xe3;0x62;0x86;0x40;0xe8;0xd5;0x2e;0x88;0x81;0xa6;0x78;0x68;0x37;0xb;0x1;0x53;0x6e;0xa6;0xd2;0xf6
0x38;0xb9;0x51;0x48;0xbe;0x60;0xd7;0xd5;0x70;0xac;0x36;0x8b;0x8f;0x68;0xb;0x8e;0xa9;0xc7;0x33;0x5f;0xea;0x77;0x7c;0x39;0x93
0x73;0x14;0x75;0x4d;0x42;0xfc;0xc9;0xe1;0xc4;0x7f;0xba;0x5d;0x93;0xf0;0x43;0x94;0xd5;0x7d;0xc5;0xae;0x48;0x49;0x7f;0x90;0xe2
0x25;0x17;0xfe;0x35;0xbd;0xfa;0x58;0x69;0x5c;0x78;0x1;0x51;0x8a;0xb2;0x52;0xfd;0xd;0xdf;0x96;0xdd;0x3d;0xf5;0x7f;0x11;0x6e
0xd7;0x54;0xee;0x40;0x52;0x46;0x95;0x25;0x94;0x47;0xce;0xf6;0x49;0xab;0x52;0xed;0x57;0x4a;0x5a;0x7;0x30;0xd6;0xd4;0x73;0xac
0xf8;0xd8;0x17;0x56;0x53;0x9e;0x5b;0xd4;0xf1;0x41;0x14;0x4d;0xe1;0x1b;0xe7;0xab;0xc;0x8b;0xcb;0xb6;0x13;0xb;0x26;0xb5;0xf4
0x6e;0xb4;0x55;0x69;0xe0;0x89;0x3d;0x91;0xe9;0xd;0xf7;0x0;0x52;0xe1;0xf8;0x71;0xe6;0xaa;0x6e;0x69;0xd0;0xda;0xb9;0xb0;0x9f
0x7;0x22;0x64;0x97;0x14;0x14;0x88;0xb6;0xfc;0x1f;0x69;0xd6;0x29;0x25;0x2e;0x6;0x9a;0x2a;0x4a;0x7;0x59;0x62;0x82;0x31;0x54
0x61;0x25;0x20;0xde;0xfb;0x33;0x7d;0x2a;0x66;0x70;0x14;0x1;0xd8;0xb1;0xb5;0x1f;0xdc;0x7c;0xe;0xa4;0xd8;0xb4;0xe8;0xcc;0x4
0x5f;0xf;0x7d;0x54;0x9e;0x44;0xf;0x97;0x5a;0x58;0xbb;0xaf;0xcf;0xe9;0xef;0x3e;0x93;0x5a;0xc5;0xe1;0x77;0xef;0x45;0x68;0x8e
0xcc;0xb9;0xda;0xcb;0x99;0x5b;0x2b;0x23;0x7e;0xa4;0xc9;0x9a;0x2a;0xd9;0xa6;0xd6;0xca;0x8d;0x38;0xf5;0x31;0x80;0x38;0xd0;0xfa
0xac;0xaa;0x9d;0xde;0x74;0xad;0x33;0xb3;0xa8;0xd6;0xba;0x38;0x89;0x29;0x81;0xe7;0x1d;0xc2;0xdc;0xfd;0x26;0xcf;0x26;0xa2;0x7f
0xc4;0xd1;0x97;0x16;0x53;0x76;0xe5;0xd9;0xa9;0xad;0x2b;0xd9;0x55;0x45;0x35;0x8f;0x58;0x1f;0x49;0x7;0x31;0x1;0x3a;0x39;0xe3
0xe8;0x4d;0x1d;0xf3;0x9c;0xe0;0x7;0x4d;0xff;0xfa;0x96;0x3c;0x66;0x90;0x87;0x8a;0x30;0xdf;0x63;0xa;0xb2;0xd9;0x1f;0x71;0x86
0xb9;0xf0;0x97;0x48;0xdb;0x56;0xa9;0xdb;0xd8;0x92;0x95;0x18;0xeb;0x56;0x58;0x62;0xda;0x95;0x4a;0xf6;0x4b;0xf5;0x49;0xd5;0xc
0x40;0x20;0xc7;0x2e;0x2b;0x6c;0x1b;0xc6;0x93;0xcf;0xc5;0x3e;0x65;0x95;0xbc;0x17;0x5f;0xaf;0x17;0x45;0xcd;0x3a;0x4;0x70;0xd8
0x55;0xa9;0x4b;0x36;0x19;0xdd;0x70;0x46;0xb0;0xeb;0x12;0xfa;0x2e;0xc9;0x9b;0xd;0xcd;0x6f;0xe7;0xc9;0x58;0xaf;0x7d;0x3f;0x9a
0x77;0x64;0x35;0xc2;0x56;0x49;0xc2;0x3b;0x9c;0x2b;0x8c;0x28;0x21;0xbf;0xd3;0x4a;0xce;0x2a;0x8f;0xae;0xc2;0xef;0xcb;0xe6;0x42
0x13;0x1b;0x91;0xec;0x70;0xa4;0xe1;0x96;0x17;0x32;0x37;0xd5;0xaa;0x8b;0xf;0xcf;0xd5;0x27;0xbc;0x21;0x85;0x85;0x87;0xfe;0x9f
0xe0;0xba;0xad;0xbf;0xa2;0xfb;0xad;0x12;0x16;0x40;0x78;0xa7;0xba;0x60;0xe6;0xfc;0xa;0x9;0xa0;0x6d;0xab;0x24;0xad;0x54;0x68
0xd3;0xb1;0x1a;0xb4;0xe4;0x25;0xfe;0xab;0xc3;0xb2;0x74;0x22;0xb1;0x5e;0xf;0x5;0x6b;0xf1;0xbe;0xdc;0x0;0x8c;0x94;0x5a;0x12
0x61;0x45;0xad;0x84;0xe6;0x98;0x4a;0x3b;0x6;0x2e;0xa4;0x7;0x47;0xf8;0xe5;0x97;0xd1;0x67;0x0;0xc2;0xde;0x4;0x8b;0x34;0xa5
0x27;0xf0;0x7f;0x75;0x53;0x66;0xc1;0xe4;0x56;0xc6;0x61;0xa2;0x92;0xc;0x2f;0xc;0x40;0xbe;0xa3;0x6c;0xa;0x29;0xb1;0x2f;0x88
0xce;0xa3;0xe9;0x38;0x2e;0xd3;0xa3;0x84;0x8f;0x6;0x0;0xf6;0x9f;0xc;0x8c;0x36;0x42;0x6c;0x48;0x73;0x9e;0x76;0x88;0xcf;0xff
0x45;0xb8;0x56;0x2d;0xfa;0x90;0x29;0x65;0xe2;0x57;0xd7;0x68;0x84;0xd8;0x19;0xf;0x15;0xf1;0x5b;0x3e;0x5;0xfa;0xd;0xa7;0x3e
0x6d;0xf8;0xd8;0x57;0x0;0xed;0xfc;0x6c;0x5d;0x14;0x6b;0xc3;0x84;0x71;0x36;0x55;0xd1;0x27;0x40;0x4d;0xab;0xf6;0xcf;0x77;0x35
0x64;0xcd;0x5b;0x43;0xcd;0x4a;0x5;0x8c;0x41;0x94;0x2a;0x51;0xb7;0xe0;0xdc;0x4d;0x55;0x6b;0xec;0xa5;0xc4;0xe;0xcf;0xea;0x90
0x43;0x15;0x52;0x63;0x34;0xf5;0x97;0x49;0x8e;0xde;0x2b;0xd9;0x1f;0x6a;0x11;0x13;0x2d;0x1a;0x18;0x2f;0x6a;0xa6;0x19;0x15;0x63
0x11;0x49;0xa;0x59;0xa5;0xaa;0x83;0x70;0xf5;0xd;0xfc;0xf0;0x33;0xb3;0xa7;0xca;0x61;0x5f;0xb9;0x8e;0x37;0x6b;0xc1;0x6b;0xb7
0x3f;0x9e;0x4a;0xc3;0xec;0xf9;0x9e;0xf4;0xd1;0xe9;0x96;0x4;0x7d;0x5f;0x84;0xd8;0x98;0x4c;0xe5;0x90;0x1;0xa;0x1b;0x9;0x7c
0xf7;0xf5;0xa;0xe8;0x2c;0xde;0x23;0xf8;0x35;0x4b;0x50;0x15;0x1c;0xe5;0x25;0xbf;0x8f;0x66;0xc2;0x8c;0xfb;0xf6;0x2b;0x27;0xbe
0x2;0x44;0x8e;0xbf;0x37;0x43;0xe8;0xd0;0xef;0x2e;0x2e;0x28;0xc4;0x3;0x10;0x10;0xf0;0xf0;0x54;0x59;0xaf;0x9d;0xe6;0x45;0xc3
0x7a;0xdc;0xf1;0x93;0xac;0x1d;0xc2;0x85;0x42;0xf2;0x22;0x44;0x94;0xde;0xf0;0xf6;0x49;0xac;0xf9;0xa4;0x54;0xbb;0xe9;0xc6;0xe5
0x55;0x38;0x86;0x3;0x66;0x27;0xb;0xae;0x93;0x5e;0x9a;0xf2;0x7f;0xcf;0x9d;0xe1;0xec;0xad;0x60;0x4e;0xce;0x89;0x15;0x35;0xbf
0x10;0x14;0xba;0x75;0x8b;0x47;0x28;0x9e;0xd1;0xb8;0x73;0xac;0xd1;0xb4;0x18;0x43;0x48;0xff;0x72;0xcf;0x30;0x8c;0x6b;0xa;0x1e
0xe4;0x82;0x3a;0x88;0x98;0x5e;0x43;0x37;0x2b;0xa7;0xbe;0xf3;0xbd;0x4c;0x8d;0xd4;0x39;0xd5;0x46;0xc7;0xb3;0xe9;0x85;0xce;0x16
0x36;0xce;0xe;0x26;0x72;0x3c;0x5f;0x20;0xc1;0x24;0x2a;0xfb;0x93;0x9;0x60;0x5c;0x20;0xdf;0x95;0x9;0xa8;0xb8;0xd0;0x9f;0x0
0xf;0xfb;0x98;0xa2;0x6;0x4a;0xf4;0x11;0x37;0x3;0x74;0xea;0x7e;0x53;0xfb;0x72;0x88;0xe;0x8;0xa6;0x4b;0x42;0x9e;0xaf;0xf2
0x6;0x2e;0xb1;0x50;0xad;0x6a;0xdc;0xf2;0x8;0xe7;0x55;0xed;0x80;0xa9;0x6a;0x9f;0x64;0xc8;0x90;0x1a;0x1e;0x12;0x5;0xc1;0x8
0x15;0x9b;0x68;0x5f;0x91;0xdb;0x41;0xcc;0x48;0x7d;0x0;0xbc;0x52;0xba;0x6d;0xf3;0x8;0x3a;0x7d;0xfd;0x33;0x89;0x9f;0xa6;0x4f
0x12;0x89;0x55;0x20;0x3d;0xaa;0x65;0x5d;0xa6;0xf6;0x1c;0x21;0x2c;0xba;0x80;0x1;0x91;0x9f;0x9e;0x67;0x51;0xa7;0x6b;0x23;0xfd
0x3e;0x1c;0x6e;0x75;0x13;0x1;0x42;0xf5;0x92;0xc9;0x4a;0x11;0xb5;0x68;0xa8;0xd1;0xf9;0xed;0xc2;0xdb;0xa2;0xef;0xa4;0x0;0x1b
0x64;0x7b;0x7b;0x1b;0x4e;0x46;0x36;0x65;0xba;0x6b;0x20;0x31;0x2b;0x5e;0x65;0xca;0x5d;0xbd;0x65;0x22;0xd;0x15;0x6;0xfb;0x9f
0x1a;0x87;0x9f;0xfd;0xb4;0x22;0x97;0x40;0x2d;0x89;0x7d;0x65;0xf2;0xa0;0x42;0x37;0x7;0x61;0x2c;0x2c;0xd;0xe2;0x62;0xa5;0xd9
0x6f;0xc;0x53;0x4e;0xaa;0xf5;0x8e;0x44;0x28;0xb5;0x7a;0xc2;0xd8;0x73;0xca;0x27;0xdf;0xba;0x1f;0xfb;0x49;0x6b;0x3b;0x65;0x8e
0x89;0xe3;0x2f;0x41;0x58;0x15;0x30;0x5f;0x3e;0xe6;0xdc;0x34;0x3a;0x5;0xf5;0x70;0x54;0xe8;0xe0;0x73;0xe1;0x63;0x30;0x84;0x89
0x9;0x92;0xa5;0x70;0x7f;0x78;0x8;0x74;0x94;0xb4;0x91;0xa0;0x5e;0x7c;0xdb;0xec;0x4d;0x5f;0x79;0xb9;0x14;0x4d;0xfa;0x98;0x8f
0xde;0x2f;0x42;0x62;0x72;0x5c;0x7b;0xbf;0x68;0xf8;0x9b;0xc0;0xf5;0x75;0x74;0xe5;0x23;0xd9;0xb4;0xfa;0xa8;0x4b;0xe3;0x74;0x6f
0x7f;0xcf;0x74;0xf8;0x63;0xb7;0x97;0x7d;0xea;0xa1;0x7d;0x19;0x9c;0xff;0x66;0x58;0x42;0x26;0x78;0xa0;0x4f;0xc9;0xe2;0x9b;0x20
0xd7;0x44;0x3;0x55;0x25;0x5f;0x61;0x96;0xf2;0x99;0x94;0x1;0x4e;0x87;0x92;0xe9;0x33;0xb3;0x19;0x98;0xc4;0xd2;0x9;0xb0;0x15
0x47;0x78;0xaf;0x90;0xc;0x5b;0xee;0x22;0x32;0x58;0x77;0xcd;0x47;0x79;0xfc;0xc6;0x20;0x9;0xf9;0xa7;0xf3;0x2f;0x0;0x4;0x19
0xb0;0x7a;0x82;0x49;0x4e;0x71;0xaf;0x33;0xbb;0x0;0xf5;0xe8;0x47;0x96;0x95;0xce;0x71;0x8b;0x8e;0x6d;0x17;0xd1;0x3;0x6;0x3b
0xc7;0x92;0xf1;0xe5;0x3b;0x72;0x98;0x40;0x60;0xb6;0x14;0xbf;0x3b;0x19;0xa9;0x0;0x79;0xc9;0x26;0x40;0x31;0x66;0xc1;0xad;0x96
0x8d;0x2e;0x8d;0x48;0xd7;0xa9;0xc3;0x59;0xc6;0x4;0x7;0xa0;0x0;0x1c;0xd7;0x6b;0xdf;0x12;0xf8;0x1d;0xcc;0xbd;0x4d;0x33;0xe
0x53;0x88;0xa2;0x8e;0x62;0xac;0x37;0x4;0xb8;0x2e;0xeb;0xd3;0x25;0xa4;0xaa;0x64;0x96;0xab;0x96;0x32;0x95;0x62;0xb0;0x14;0x8a
0x36;0x36;0xad;0xff;0xb7;0xa7;0x53;0xf9;0x9d;0x54;0x1c;0x2;0x49;0x88;0xdf;0x21;0xfb;0xd;0xf;0xd4;0x24;0x7a;0x85;0x12;0x26
0x4e;0x52;0xdb;0x4a;0x95;0xc4;0xc;0x8d;0x1e;0xc2;0x45;0x35;0xce;0xd2;0x3d;0x2c;0xf5;0x63;0xd7;0x1f;0x7f;0x6d;0x63;0x45;0x4a
0xa9;0xc4;0xd0;0x6d;0x19;0xb1;0xb9;0x61;0x4;0xf1;0x91;0xb7;0x73;0x64;0x30;0xd7;0x32;0xb1;0x7;0xff;0x59;0x26;0x43;0xa4;0xf9
0x74;0x2;0xd8;0x4;0xdb;0x94;0x10;0x7c;0x8d;0xaa;0x50;0x93;0x52;0xcc;0x5f;0x37;0x5d;0x29;0x14;0xf1;0x15;0xe1;0xbf;0x49;0xa2
0xd3;0xd1;0x65;0x74;0xcb;0xc3;0xe8;0x36;0x9b;0xf;0xc2;0x9;0x73;0x53;0x5a;0x57;0xc;0x26;0xcc;0xc3;0x36;0xdf;0x7d;0xe6;0x82
0x3f;0xf9;0x25;0x48;0x6;0x74;0x48;0xd5;0xa0;0x19;0x87;0xbd;0xb8;0x31;0x48;0x81;0x51;0x61;0x6f;0x69;0x25;0xf8;0x62;0x6b;0x76
0x52;0x9e;0xb6;0xcf;0xe6;0x48;0xfa;0x66;0xab;0x6e;0x9a;0x71;0x19;0x7d;0x4c;0x48;0x9f;0xc3;0x25;0x53;0x5;0xed;0xea;0x60;0xaa
0x72;0x9b;0x7b;0x8e;0x91;0x3;0x2b;0xa;0x56;0x18;0xd5;0x12;0xcc;0xfd;0x3c;0x88;0x86;0x7;0x24;0x61;0x3c;0x59;0x14;0x75;0x68
0x4b;0xdb;0xf5;0x51;0x14;0x8a;0x36;0x4d;0xd3;0x9f;0x1f;0x35;0x2a;0x39;0x3f;0x28;0xb5;0xfb;0x7c;0x14;0x16;0x52;0x23;0xbe;0x80
0xd7;0x60;0x11;0xb9;0x96;0xb2;0x1b;0xc3;0x25;0x3b;0x35;0x25;0x99;0xe3;0x5d;0x9d;0x89;0x3a;0xee;0x3f;0x3e;0x2d;0x3c;0x6e;0x4d
0x22;0xce;0x8d;0xcd;0x44;0x1d;0x48;0x22;0x9d;0x62;0xec;0x9e;0xa3;0x1b;0xba;0xde;0x63;0x16;0xf1;0x2a;0xea;0x4c;0x1f;0xcf;0x3e
0x23;0x32;0x3b;0x62;0xb7;0x8f;0xf6;0x1;0xe5;0x99;0x37;0x34;0xd8;0x5;0x7c;0x7;0x9e;0xf2;0xec;0xdd;0x10;0xd9;0xab;0x8c;0x97
0x5;0x29;0xf8;0x1a;0x99;0x7c;0x86;0xa1;0xf0;0x95;0x7b;0xd8;0x7;0xa7;0x86;0x7a;0xd1;0xdf;0xc8;0xab;0x4c;0xdf;0x51;0xa0;0x49
0x70;0xc5;0x3f;0xaf;0x68;0x1d;0xd1;0x2f;0x5d;0x27;0x5d;0x7c;0x9f;0x47;0x42;0xae;0x7a;0x3e;0x55;0x54;0xc2;0x26;0xca;0xaf;0xd
0xf0;0x93;0xa4;0x6d;0xd5;0x8a;0xc9;0x94;0x88;0xd5;0xa2;0x7a;0x8e;0xf8;0xc3;0x80;0x55;0x7e;0x76;0x7a;0x17;0x75;0xf9;0x2d;0xae
0xaa;0x8d;0x95;0x38;0x41;0x8b;0x77;0x9;0x16;0x4;0x58;0x61;0xfe;0x95;0xe8;0x5d;0xa5;0x12;0x89;0xe0;0x6;0xb8;0x4b;0xf5;0x1f
0x5c;0x6d;0xc0;0xcd;0x18;0x18;0x8f;0xcb;0xe0;0xc6;0x3a;0x8b;0x43;0x35;0x98;0x56;0x4c;0xe4;0x66;0xd1;0x73;0x15;0x13;0x85;0x4b
0xbc;0xdc;0x91;0x31;0x7d;0xc1;0x6b;0x5a;0x72;0x57;0x94;0xf2;0xa1;0xe9;0x12;0x82;0x92;0xc2;0xb5;0x46;0xcf;0x99;0xea;0xe7;0x21
0x78;0xd3;0x23;0x81;0xcd;0x66;0xdc;0x36;0xc2;0x7b;0x37;0x8d;0x33;0x98;0xc6;0x1e;0xc1;0x9c;0xb7;0x29;0xad;0x5c;0x20;0x48;0x3
0x10;0x1f;0xd2;0x93;0x91;0xbf;0x27;0x62;0x3c;0x2d;0x80;0xe5;0x3d;0xe4;0xc2;0x8a;0x12;0x99;0xa9;0xae;0x24;0xd8;0xb8;0xd2;0xa
0xaf;0x8e;0x7e;0x8b;0x8e;0x37;0x41;0x33;0x1d;0xaa;0xc5;0x6a;0x70;0xc0;0xb1;0x3c;0x3d;0x94;0xb3;0xc5;0x23;0x74;0x78;0x63;0x85
0x5e;0xf4;0xd1;0xf2;0x13;0x9e;0x91;0x89;0xdc;0x3f;0xf5;0x45;0x58;0x90;0x39;0x7e;0x3b;0x28;0x43;0xea;0xeb;0x9e;0xc5;0x90;0xca
0x49;0x88;0x98;0xe1;0x9e;0x92;0xcb;0x10;0x6c;0x27;0x34;0x9c;0xd7;0x55;0x65;0xba;0xd0;0xed;0xa5;0x7c;0xbc;0x7c;0x21;0x70;0x3e
0xae;0xfc;0x43;0x97;0xe2;0x8e;0xb4;0x52;0xa1;0x7c;0x1d;0x47;0x1d;0x87;0x63;0x25;0x7a;0xe1;0xe0;0xfa;0x7c;0xf3;0x7b;0x7d;0x42
0x3;0x18;0xbf;0x65;0x16;0xb;0x27;0x52;0x6d;0x1e;0xc0;0x30;0x17;0x6d;0xf0;0xd4;0x48;0x14;0x4c;0xaa;0x59;0x88;0x1e;0x50;0x1
0x68;0x4c;0x63;0xb3;0xab;0xdd;0xec;0xbf;0xc0;0xee;0x0;0x68;0x95;0x82;0x9;0x5f;0xf9;0xd;0x6e;0xfb;0xa8;0x36;0xa4;0xba;0xc9
0xe6;0x2a;0x9c;0x2c;0x4f;0x56;0x55;0x70;0xed;0xc3;0x8a;0xe7;0x3c;0x70;0x2;0x39;0x69;0x83;0x96;0x2a;0x70;0x97;0x6;0x4c;0xc5
0x40;0xf0;0x7c;0x28;0xfa;0x54;0xec;0x3e;0xef;0x4b;0x24;0xcf;0xc;0x7d;0xf6;0xa9;0x52;0xed;0x4f;0x61;0xe7;0xd7;0x19;0xb2;0x5a
0xcf;0x10;0xdf;0x18;0x69;0x4b;0xc7;0x3e;0xac;0xb3;0xac;0xfd;0x81;0x11;0x4b;0x9b;0x4d;0x77;0x8a;0x55;0xdc;0x65;0xea;0xed;0xc1
0xd2;0xfa;0x74;0x17;0x6b;0x56;0x9b;0x1d;0xa2;0xe;0xe0;0x58;0x6e;0x1b;0xf4;0xda;0x21;0x90;0x9f;0x8d;0x53;0xac;0x62;0x22;0xe2
0x2d;0x88;0x39;0x11;0xa;0x59;0xe;0x8c;0xeb;0x26;0x1b;0xdf;0xfa;0xa2;0xc4;0x69;0x9c;0x74;0xce;0x1d;0xbf;0xf5;0xc3;0xdb;0x82
0x3c;0x45;0x53;0xec;0x66;0x61;0x95;0x86;0x63;0xc1;0x19;0x2e;0x5f;0xae;0xba;0x22;0x73;0xe5;0x50;0xd9;0xb;0xda;0x9a;0x99;0xc1
0xaf;0x8c;0xc5;0xd5;0xcf;0xbe;0x41;0x29;0xcc;0xe0;0xe9;0x8e;0x52;0xdf;0xb0;0xaf;0x3b;0x59;0x91;0x9a;0x22;0x7f;0xc7;0x5b;0x1c
0xc3;0xc6;0x54;0xf1;0x67;0x71;0xfa;0x24;0x82;0x3f;0x58;0xaa;0xe6;0x7d;0x8c;0x83;0x3e;0xe8;0xf8;0x67;0x15;0xef;0x9c;0x7c;0xe3
0xe8;0xef;0x7f;0xb9;0xfb;0x1;0x4a;0xee;0xfb;0xb0;0xe6;0x27;0xd2;0x94;0x7c;0x1e;0x30;0xdf;0x91;0x1e;0x46;0xd8;0x12;0x99;0x4f
0xab;0x8;0x2;0x1b;0xd;0x73;0xc0;0xef;0x66;0x50;0x73;0x28;0xa3;0x15;0xf4;0xaa;0x41;0xf3;0x6e;0xa;0x6;0x24;0xcf;0xe2;0xbe
0x7d;0x64;0x6c;0xd6;0x30;0x31;0x82;0x8;0x4b;0x78;0x84;0xac;0xc6;0xbb;0x1c;0x92;0xf9;0xd;0xc0;0x24;0x62;0x41;0x39;0xa5;0xf2
0xa1;0x43;0x33;0x5a;0xe5;0xd;0x19;0x15;0xc;0x87;0x7c;0x58;0xf6;0x21;0xa9;0x1d;0xf5;0x6d;0xd4;0x8a;0xa6;0x34;0x31;0xc8;0xf3
0xb7;0x7f;0x41;0x7;0x1;0xa9;0xa0;0x12;0xb8;0xb5;0xba;0x8a;0x8a;0x22;0x3c;0x83;0xfc;0x9b;0x53;0x1;0xe8;0x93;0xd4;0x7f;0x6b
0x95;0x8a;0xcf;0x91;0x86;0x80;0xb2;0x67;0x41;0xb9;0xcf;0xc7;0x7;0xb8;0xb2;0xf2;0x6c;0xf;0xeb;0x9b;0x62;0x32;0x68;0xbe;0xc8
0xf9;0xa;0x37;0xb0;0x84;0xd3;0x24;0x35;0x2c;0x68;0x4f;0x29;0xf1;0x3;0x23;0x72;0xf4;0x8e;0x1e;0x40;0x38;0x2;0x2f;0xc9;0x2a
0xc3;0xda;0x2d;0xb1;0xcc;0x46;0xa8;0xf6;0xf7;0xab;0x75;0x3d;0xb9;0x2d;0x6b;0x2;0x36;0x1f;0x80;0x8a;0x64;0x7e;0xdf;0x6a;0x62
0x9e;0x5;0x58;0xcc;0x39;0x8f;0x2d;0x84;0xd8;0x7d;0x6e;0x36;0xb1;0xa6;0x1a;0xd0;0x69;0xe0;0xd0;0x60;0x8d;0xd7;0x8b;0x91;0x9d
0x85;0x39;0xa6;0x20;0x19;0xbb;0xfb;0x85;0x15;0x46;0x64;0xba;0x69;0xba;0x1;0x48;0x1a;0x1e;0x99;0x9b;0x34;0x9e;0x97;0x1;0xbc
0xc6;0x3e;0x62;0x7;0xeb;0xc2;0x81;0xe4;0xad;0x89;0x9f;0x73;0xef;0xfd;0x25;0x2b;0x17;0x76;0xab;0x39;0xc2;0x37;0xc1;0xc2;0xfb
0xde;0x90;0x3a;0x8e;0x58;0xf;0x74;0x92;0x67;0x1;0x53;0x28;0x8b;0xc9;0xcb;0xf4;0xb8;0x4;0x15;0xd;0x20;0x3b;0x6b;0x6f;0xb
0xb7;0x91;0x76;0x90;0x18;0x30;0x4e;0x98;0xb8;0x3a;0xc2;0x54;0x8c;0x90;0x51;0xff;0x25;0xc0;0xae;0xfd;0x45;0xb4;0x29;0x8a;0x43
0xe7;0x43;0xc1;0x7c;0x3e;0x15;0x81;0x8b;0x5d;0x49;0xf3;0x5;0x1f;0xd5;0x1d;0x34;0x9f;0x22;0x4d;0xea;0x77;0x18;0xc5;0x39;0xd4
0x4b;0xe5;0x6;0xb5;0xae;0x1;0x19;0x2f;0xc3;0x8c;0x79;0xf;0x9d;0xfb;0xa4;0x9a;0xf1;0xc9;0x7d;0x81;0xd4;0xd5;0x3c;0xd4;0x65
0xf1;0xd0;0x96;0xad;0xf8;0xa9;0xc1;0x9c;0xec;0x5b;0x14;0x7b;0x40;0xd3;0x93;0xbb;0x43;0xff;0xad;0x50;0xb5;0x8d;0xf;0x4d;0xbc
0x81;0x2e;0xc1;0xec;0xff;0x45;0xd8;0x3b;0xc9;0x2e;0x3d;0x6a;0xc2;0xde;0xc5;0xe5;0xc6;0x79;0xee;0xfb;0xda;0x8a;0xdc;0xc4;0x19
0x49;0xe9;0x14;0x17;0x76;0xf9;0x44;0x8f;0x62;0xa0;0x82;0xcd;0x6e;0x23;0xb8;0x33;0xb1;0xc6;0x9e;0xf2;0xd6;0x41;0x7;0xb2;0x54
0xb8;0xfb;0x21;0x71;0x8a;0x1e;0x42;0x0;0x92;0xf;0x67;0xb2;0xff;0x37;0x47;0x36;0x23;0xe2;0x29;0x25;0xe9;0xce;0xae;0x5f;0xd1
0x63;0xfd;0x45;0x63;0x83;0x24;0xac;0x65;0x85;0xf8;0x41;0x20;0x9e;0xc8;0x3d;0x5f;0xd2;0x94;0x70;0x33;0xef;0x2c;0x77;0x6e;0xf9
0x65;0x5f;0xce;0x89;0xa6;0xf4;0x77;0xf3;0x49;0xd3;0xd4;0x62;0x9b;0x8;0xd7;0xd0;0xd1;0xb7;0xfd;0xff;0xcc;0xcd;0xfa;0x8;0xb4
0x2b;0xf2;0x38;0x5;0x22;0xce;0x7c;0xe8;0xb0;0xe5;0xd0;0x1c;0x5b;0xf;0x81;0xa7;0x91;0x51;0xc2;0xa9;0x4;0x7f;0x32;0xc2;0x6e
0x0;0x56;0xb8;0x55;0x87;0x23;0xee;0x37;0x29;0x38;0xcb;0x18;0x64;0x39;0x86;0x94;0x5d;0xc6;0x11;0x3;0xc8;0xd5;0xdd;0xcf;0x8d
0x8d;0xad;0xe3;0x96;0x64;0x4f;0x93;0xed;0x5f;0x3a;0xf0;0x29;0x6e;0xf8;0x38;0xc1;0xfd;0x32;0xae;0xec;0x26;0x4;0x1f;0xfd;0xb8
0x75;0x33;0xb5;0x76;0x2f;0xcf;0x4b;0x6d;0xc6;0x20;0x4c;0xdc;0x70;0xe1;0xea;0x11;0xd6;0xee;0x53;0xf6;0x2;0xd8;0x1a;0xd1;0xa1
0x4a;0x5a;0xbf;0x9a;0xb4;0x40;0x2a;0xb5;0x94;0xb3;0xc9;0xf4;0x41;0xc7;0x3b;0xa8;0xe5;0x29;0xa7;0x9c;0xaa;0x53;0xe7;0xde;0xfe
0x1c;0x31;0xce;0x82;0x93;0xef;0x4;0xe2;0xa2;0xce;0x8f;0x3b;0x98;0x3d;0x45;0xde;0x6f;0x11;0xf8;0x9d;0x95;0x11;0xa6;0xec;0x7f
0x29;0x6;0x1b;0xe2;0x3;0x36;0xf5;0xfa;0x3d;0xed;0x4e;0x33;0xcf;0xd1;0x5a;0xe0;0x3c;0x33;0x91;0x38;0x9;0x8e;0x8f;0x5a;0xbe
0x5b;0xe6;0x1c;0x12;0x90;0xb3;0x42;0xb0;0xb9;0xa8;0x72;0x27;0xcd;0x2c;0xe4;0x87;0xf;0x4c;0x7;0x40;0x78;0xaa;0xf8;0xea;0x7e
0xe7;0x7a;0x7b;0x36;0xb8;0x4c;0xb8;0x7e;0x50;0x19;0x2d;0xf4;0x11;0xec;0x1e;0xa4;0xb9;0xa;0xf4;0x6d;0x96;0xeb;0x23;0x67;0xfe
0x26;0x44;0xaa;0xbf;0x34;0x6f;0xf9;0xaf;0x6f;0x41;0x59;0x96;0x2f;0xeb;0x86;0xe0;0xd1;0xcf;0x97;0xda;0x7;0x62;0xd9;0xd9;0xf0
0x15;0x26;0xb2;0x58;0x1b;0x2a;0x5f;0xf4;0x84;0xed;0xee;0x42;0xa9;0x83;0x83;0xdc;0xd;0xd2;0xab;0x9e;0x8f;0x41;0x64;0x58;0x31
0x9a;0xbc;0x1c;0x1;0x84;0xe0;0xdf;0x96;0x51;0xe3;0x51;0xbd;0x7b;0x5d;0xd3;0xbd;0x21;0xe2;0xe;0x18;0x1f;0x3d;0x39;0x19;0x98
0x4d;0xb4;0xe6;0xa6;0xba;0x66;0xb7;0xd9;0xc5;0x60;0xe0;0x72;0x42;0xe9;0x28;0x9e;0x15;0x67;0xbb;0x2d;0x89;0x20;0xc6;0xbc;0x7b
0x2a;0x12;0x50;0x94;0xe8;0x98;0x39;0xac;0xc1;0xfd;0x10;0xc0;0x3e;0x9f;0xf5;0x9;0xf4;0xe5;0x7f;0xd9;0xd7;0x1f;0x6d;0x15;0xa7
0x1e;0x44;0x4;0x49;0xfc;0x8b;0x1f;0xbc;0x21;0x2d;0x39;0x2e;0x51;0x52;0x2f;0x79;0x34;0xaa;0x44;0x69;0xb7;0x49;0x9e;0x78;0xd8
0xae;0x20;0xd9;0xb8;0x1;0x15;0xcd;0xbc;0x24;0x54;0x9b;0x54;0x60;0x66;0x5a;0xe4;0x0;0xa0;0x72;0xe2;0x50;0x14;0x4c;0xb3;0x66
0x88;0xb1;0xe3;0xf1;0xa9;0x4c;0x92;0xe2;0x1c;0xbb;0xd0;0x33;0x8e;0xb0;0x8b;0xf;0xd5;0xc4;0x83;0x8;0xc4;0xa2;0x11;0xe2;0x8d
0x20;0x89;0xac;0x2c;0x79;0xae;0x52;0x82;0x3c;0xe9;0x37;0xe2;0x1d;0x99;0xb3;0x67;0xd6;0xcf;0xf;0x45;0xc8;0xd7;0xc;0xaa;0x8b
0x66;0x38;0xc1;0x8f;0x2a;0x59;0x43;0xa0;0xa0;0xff;0x19;0xe3;0xc1;0x2;0x9b;0xcc;0x18;0x23;0x47;0xe7;0x98;0x47;0xc2;0x9d;0xd9
0x1e;0x3a;0xf3;0xc2;0xe;0xfc;0x2b;0x2c;0xd3;0xb1;0x87;0x27;0x51;0x90;0x51;0x4e;0x45;0xaa;0x93;0xb3;0x1e;0xfb;0xf;0xe6;0x8b
0xb5;0xa7;0x30;0xa3;0x1f;0xb9;0x5e;0x60;0x96;0x95;0x6d;0x72;0xb9;0x10;0x52;0x70;0x79;0x1e;0x22;0x19;0x8d;0xad;0x4a;0x7;0x56
0xdb;0x51;0x9a;0xb0;0xac;0xfc;0xd9;0x7b;0x3d;0x9f;0x5d;0xd8;0x4c;0x56;0xc6;0xf1;0xfb;0x5;0xb5;0x48;0x4f;0x2b;0x9f;0x52;0x67
0xb3;0xd6;0x1;0xb3;0xbd;0x32;0x2;0x12;0x70;0x5f;0x8f;0xe;0xb4;0x3d;0xc;0xbe;0xc3;0xdf;0x56;0xe2;0x0;0xe2;0x73;0x69;0x77
0xaa;0xd6;0xf6;0xe4;0xa1;0xff;0x5b;0x34;0x5b;0x78;0xda;0x21;0x19;0x56;0x28;0x29;0x8b;0x8f;0xf5;0xb1;0xd6;0xfc;0x35;0x2a;0x8d
0xc9;0x7f;0x97;0xa1;0x32;0x88;0x11;0x32;0x20;0x90;0x9d;0x7;0x9c;0x9d;0xa9;0x1c;0x1d;0x57;0x6b;0xa0;0xcd;0x10;0xa5;0xf2;0x9d
0xfc;0xc9;0x6e;0xab;0x4f;0x9f;0x4e;0x98;0x47;0x85;0xce;0xf2;0x9b;0x2;0xfa;0xb8;0xdd;0xbc;0xf9;0x9f;0x47;0x6d;0x2f;0x87;0x18
0xae;0x53;0xb5;0xac;0x3d;0xee;0xcd;0x94;0x5;0x10;0x67;0x34;0xe0;0xff;0xea;0x54;0x64;0x9f;0x74;0xd1;0xa5;0xc2;0xc3;0xf3;0x54
0x41;0x53;0x2a;0x99;0x86;0x31;0x6;0x18;0xd6;0x20;0xf7;0xe;0xce;0x79;0xd6;0x75;0xc3;0xd;0xbe;0x40;0x1f;0x39;0xca;0xda;0xfd
0x4f;0x95;0x7d;0x7e;0x27;0xcc;0xe5;0x54;0x42;0x80;0x81;0x67;0xd5;0x26;0x46;0xba;0x54;0x53;0xb6;0x47;0x56;0xdb;0xb3;0x3a;0xc
0x1c;0xc5;0x19;0x80;0xe0;0x6a;0x28;0x4e;0x89;0xd7;0x88;0xc;0x68;0x1f;0x33;0xc4;0x91;0xc0;0xfd;0x25;0x39;0x89;0x22;0x11;0x83
0xe7;0x5c;0xd2;0x66;0xdb;0xd;0x9a;0xfc;0x7d;0x84;0x4d;0x9b;0x18;0xcd;0x9c;0x94;0x53;0x84;0x33;0xdb;0x5d;0xe3;0x47;0x7a;0x53
0xa3;0x75;0x97;0xc7;0x92;0xf3;0x45;0xe7;0xa5;0x40;0x74;0x7c;0xbf;0x12;0xea;0x9f;0x64;0x29;0x3d;0x4f;0xca;0xdc;0x29;0x80;0xdf
0xff;0xbe;0x58;0x90;0x35;0x5;0x8c;0xc1;0x5d;0xe7;0xc;0x3;0xe2;0xdb;0x42;0x71;0x40;0xdb;0xf0;0xbf;0xf5;0x1f;0xfd;0x9d;0xc2
0xf8;0xb;0x51;0x91;0x55;0x22;0xfa;0x90;0x67;0x6d;0x69;0x93;0x84;0x1c;0x8f;0x5d;0xd9;0xc7;0xbc;0xe7;0xa1;0x8;0x3c;0x94;0xd0
0xea;0xb5;0xd2;0xf0;0x6f;0x8f;0xf;0x7a;0x83;0xd0;0xce;0x96;0x8c;0x73;0xce;0x52;0x47;0xa;0x9f;0x81;0xdf;0x85;0xcb;0x5e;0x34
0x88;0xac;0x4d;0xaa;0xa1;0x34;0x77;0x38;0xb9;0x6b;0xbd;0x2d;0xad;0x97;0xbb;0xe8;0xfe;0x3a;0xd1;0x24;0x3c;0x6d;0x19;0xd4;0x6c
0x2d;0xe7;0x96;0xe7;0xc8;0xff;0xab;0xb5;0x7b;0xd4;0x75;0xcd;0x4c;0x64;0x9a;0xc0;0x79;0x2d;0x34;0x8f;0xd2;0x7c;0x1c;0x4a;0xe5
0xdf;0x6;0xc;0x90;0x5a;0x21;0x6c;0x4d;0x5d;0x6e;0x72;0xc7;0x7f;0x18;0x70;0xb;0x7a;0xd3;0x33;0x1d;0xf7;0x33;0x5a;0x30;0x5d
0x3c;0xbc;0x0;0xde;0x7b;0x72;0x4b;0x17;0x95;0xf1;0xe3;0x8f;0xe5;0xd3;0x53;0xe7;0x43;0xb0;0xd5;0xba;0x48;0x4e;0x8a;0xfa;0x25
0x99;0x5;0xfb;0x89;0xa3;0x9f;0xe0;0x9c;0xf8;0xd6;0xa9;0x71;0x75;0x9;0x53;0xd1;0x6b;0x9e;0xe2;0x18;0xea;0xfb;0xb3;0x81;0xa3
0x29;0xc;0x1b;0x35;0xc9;0x92;0x63;0x56;0x54;0x2b;0xec;0x69;0x7a;0xef;0xfb;0x3d;0xf6;0x89;0x1d;0xb7;0xb;0x93;0x4c;0x9e;0xeb
0xda;0x15;0xd2;0x24;0xaa;0xd9;0x69;0x8b;0xf2;0x47;0x3a;0x1f;0xf9;0x1a;0x86;0x4;0xe7;0xfa;0xe3;0xa5;0xa3;0x1;0x1c;0xa8;0xe8
0x33;0x55;0xa3;0xa7;0x65;0x3d;0x66;0xd9;0x71;0x16;0xf6;0x5e;0xdc;0x8a;0xef;0xfd;0x5a;0x4d;0xb4;0x52;0xe4;0xa3;0xb4;0x71;0xa8
0x8;0xec;0x7c;0x86;0xa1;0xe6;0x3d;0xf6;0x47;0x6;0x78;0xdc;0x3c;0xf8;0x41;0xac;0xb7;0x42;0x85;0x30;0xf8;0xf1;0x34;0xc0;0xa3
0xef;0x72;0x46;0x81;0x8e;0xa5;0x32;0xe7;0x57;0xd;0x2d;0xdd;0x28;0x37;0x43;0x8c;0x5;0xbb;0xc3;0xcf;0x99;0xb5;0x98;0x6;0x50
0x98;0xb8;0xc3;0x4d;0xc2;0x53;0xa5;0x12;0x71;0x11;0x21;0x98;0x21;0x1b;0x25;0x88;0xcd;0xe;0xd2;0xf7;0x4b;0x8f;0xbb;0x18;0x8f
0x5f;0xa1;0x30;0x92;0xa2;0xe6;0x56;0x6b;0x4f;0x49;0xcf;0x8f;0x27;0xcd;0x4e;0x3d;0x35;0xbc;0x61;0x96;0x87;0x5d;0xbe;0x7f;0xc
0x56;0xf;0x27;0xbc;0xe9;0x73;0x78;0xfb;0x46;0x91;0x45;0xa8;0x2;0x48;0xee;0x4e;0x51;0xb2;0x29;0x41;0x16;0xa1;0xd7;0x6f;0x9c
0x45;0x51;0x3c;0x6b;0x2;0x16;0xf1;0x83;0xa7;0xd1;0xc5;0xa3;0x9c;0x8c;0x37;0xaf;0x1c;0xea;0x66;0x8e;0x58;0x99;0x93;0xd4;0xa4
0x8c;0xaa;0x84;0x17;0xf0;0xfd;0xd4;0x24;0xa7;0x2f;0x65;0x1a;0xbe;0xff;0x34;0xe3;0x4;0xcc;0xe9;0xde;0x2c;0xf4;0x1b;0x6d;0x9
0xc3;0xe2;0x35;0x82;0xee;0xe0;0xff;0xd;0x89;0xdf;0xce;0xc;0xa;0x54;0x24;0x20;0xb;0x8a;0xac;0xe8;0x61;0x21;0x6f;0x8b;0x5c
0x2d;0x72;0xdb;0xef;0xf9;0xdc;0xac;0x13;0x8d;0xff;0x21;0x55;0x73;0xe5;0x1;0x4;0xb3;0x72;0xbf;0x87;0xa0;0xad;0xaa;0xfa;0x20
0xa8;0x67;0xac;0xc2;0xe6;0x9;0xa1;0xc9;0x82;0x70;0xd0;0xef;0x87;0x1;0xf8;0xe2;0xba;0xd9;0x25;0x64;0x47;0xd9;0x97;0x74;0x97
0xc6;0x8c;0xd9;0xd;0x74;0x43;0x22;0x8d;0xd2;0x2c;0x78;0xc5;0xa4;0xdb;0x0;0x80;0x8d;0xe8;0xac;0x90;0xbb;0x2b;0x5e;0xee;0xd1
0xfd;0xdc;0x57;0xc6;0xe7;0xee;0x1e;0x37;0x1e;0x84;0xf;0x20;0x8b;0x6a;0x39;0xf2;0x89;0xd1;0xbe;0x68;0x71;0xdb;0x61;0xe6;0x62
0x59;0x7a;0xc2;0x41;0xb6;0x32;0x96;0x98;0xf1;0xea;0x13;0x2f;0xb1;0xa7;0x7;0xb;0xad;0x52;0xba;0x72;0x34;0x4a;0xcd;0xb9;0x3
0x8f;0xfd;0x21;0x17;0x79;0xeb;0x35;0x63;0x91;0x99;0xe5;0x25;0x43;0xaa;0xe8;0x2a;0xf9;0xe8;0x56;0x4;0xb1;0x68;0xd7;0x1a;0x16
0x96;0xf4;0x16;0x28;0x21;0xbf;0x1c;0xb5;0x6a;0x2;0xfa;0x1d;0xd3;0xf9;0xa1;0x81;0xbb;0x6d;0x29;0x3f;0xc1;0x86;0x17;0x70;0xf0
0x72;0x1b;0x44;0xfb;0xaa;0xbd;0x43;0xdb;0xd1;0x10;0x1;0x68;0x1;0x83;0xb1;0xbd;0xc3;0x2;0xcc;0xa;0x39;0x4e;0x8b;0x97;0x6e
0xdb;0x3b;0xe4;0x8;0x67;0x7a;0xbb;0xe4;0xa0;0x82;0xb4;0x44;0xab;0x79;0xc7;0x3b;0x94;0x81;0xce;0xb6;0x12;0x6a;0x59;0x7d;0x60
0xf1;0xd2;0x59;0x73;0x32;0xce;0x4;0xcb;0x2d;0x7e;0xe3;0xf2;0xbf;0xc3;0x31;0xcc;0x3a;0xcb;0x2d;0xb6;0x5;0xb9;0x15;0x30;0xbe
0x37;0xc8;0x21;0x9a;0xc6;0xc5;0x4b;0xe7;0x8b;0x90;0x9f;0xbc;0x42;0x7c;0x21;0x82;0xad;0x51;0x75;0x18;0x1;0x12;0xb1;0xa8;0xea
0xd1;0x18;0xbf;0x4b;0x26;0xf8;0xa3;0xe5;0x6d;0xbe;0x13;0x2f;0x5f;0x59;0x63;0x57;0x8a;0x4d;0xfb;0x8;0x2f;0x6e;0x8a;0x61;0x23
0x4d;0x73;0xc4;0x14;0xc3;0x59;0x38;0xf4;0x3c;0x80;0x88;0xb4;0xe0;0xb8;0xaa;0x11;0x26;0x80;0xa3;0xb4;0x69;0x14;0xb5;0xd0;0x37
0xd8;0xb4;0x80;0xb7;0xf1;0x31;0x51;0x0;0xe7;0xf;0x47;0xf4;0x9b;0x2f;0xc0;0x74;0xf3;0x90;0x7b;0x2d;0xa9;0x9c;0xc8;0x60;0x59
0xb2;0xfb;0xa6;0xca;0x65;0xe3;0x89;0x2d;0x14;0x60;0x4a;0x76;0x9c;0x5d;0x4e;0x1c;0xb9;0x2c;0x62;0xa1;0x7;0x3d;0xd5;0x90;0xb6
0x6f;0xa8;0x11;0xb9;0x57;0x38;0xb;0x15;0x9f;0x89;0x57;0xc7;0xa1;0x80;0x8e;0x7;0x22;0x9c;0x58;0x33;0xac;0x54;0xc;0x5c;0x81
0xee;0x82;0x5e;0x30;0x1c;0x5;0x4;0x2e;0x45;0x90;0x1c;0x30;0x8a;0x73;0x83;0x84;0x6c;0x2e;0x63;0xd1;0x32;0x54;0x9e;0xa7;0x8a
0xef;0x79;0xd;0xdc;0x1f;0x97;0xa3;0x25;0x66;0x45;0xf7;0x8d;0xd6;0x6a;0x28;0x3;0xc3;0x6;0x2d;0x55;0x4a;0x81;0xba;0x31;0x27
0x16;0x21;0xab;0x7e;0x3b;0x93;0x71;0x31;0xe4;0x2d;0xd4;0x98;0x44;0xd8;0x1b;0xa0;0xfd;0xff;0xbd;0xf5;0x1b;0x6e;0x7e;0xd1;0x8e
0x2f;0xdf;0xac;0xb6;0xa4;0xf7;0xd3;0x0;0x1e;0xf5;0x91;0x42;0x35;0x4a;0xde;0x49;0x1c;0xc2;0xc0;0x3b;0xdc;0x1c;0x30;0x8f;0x81
0x4e;0x15;0x94;0x93;0x57;0x1;0x87;0x25;0x39;0x63;0xe6;0x3c;0x8f;0xb8;0xa1;0x5b;0xcb;0x42;0xcb;0x5d;0xe1;0xc7;0xdc;0x85;0x8f
0x93;0x2b;0xa2;0x1c;0x29;0x9a;0xc9;0x1d;0x8b;0x90;0x32;0xd8;0xad;0x61;0x64;0xba;0x1e;0xbc;0xdc;0x14;0x15;0x6b;0xa1;0x7c;0x56
0xe;0x53;0x6b;0xa1;0x0;0xc9;0x4f;0x19;0x32;0xa2;0xd9;0x7d;0x81;0x9f;0x5a;0x4;0x10;0x5a;0x32;0xf;0xbf;0xe6;0xf8;0xf3;0x7c
0xfa;0x29;0x4e;0x91;0x9d;0x19;0x5a;0x68;0x2f;0x9f;0x1d;0xc9;0xd7;0x35;0xd5;0xef;0x4b;0x65;0xf5;0xbe;0xb8;0x79;0x33;0xa5;0x39
0xa0;0x98;0x30;0x90;0xb3;0x3;0x25;0xdf;0xd8;0x96;0x8c;0x1d;0x18;0xbd;0xd2;0x43;0x7f;0x4a;0x25;0x8b;0xdf;0x80;0xff;0x5a;0x47
0xda;0x72;0x4c;0x88;0xc9;0x6d;0xc5;0xbb;0x97;0xbd;0x94;0x4c;0x94;0x3;0x10;0x97;0x31;0x62;0x51;0x3f;0xdb;0xbc;0xd6;0xc2;0x1e
0x1e;0x6;0xad;0xfc;0xc2;0x4f;0xa3;0x46;0x12;0x8c;0x93;0x64;0xee;0x6c;0x8;0xef;0x3;0x35;0x9c;0x3d;0x26;0xa6;0xe2;0x4e;0xc3
0x94;0x68;0x17;0x1e;0x84;0xb4;0xf7;0xe5;0x53;0x1e;0x1d;0xae;0x5d;0x6;0xa0;0xa7;0x23;0xb7;0xc2;0x90;0xba;0x2e;0x79;0xb0;0xc9
0x18;0x3;0xc7;0xd1;0x75;0x3c;0x9a;0xb8;0x66;0x3d;0x93;0xd7;0x97;0x45;0xd;0x4b;0x8e;0xf7;0x7c;0x79;0xd7;0x3a;0x3d;0x6b;0x46
0x19;0xf9;0xf3;0x1c;0x9b;0xdb;0x3e;0x12;0xa2;0x41;0x57;0x2e;0x2e;0x25;0x2e;0x56;0x2;0x4f;0xec;0x6b;0x83;0xc4;0xc7;0x5e;0x6b
0x4c;0x46;0x7b;0xac;0x38;0xd5;0xfc;0xb2;0xf3;0x69;0x99;0x36;0x2a;0x5e;0xa9;0x7e;0x1;0x7e;0x30;0x75;0x8;0x51;0x66;0xd0;0xe7
0x16;0x33;0x7b;0x3b;0xf1;0xf5;0x63;0xd;0x8d;0xa7;0x23;0x4d;0x80;0xa2;0x5b;0xc9;0x87;0x21;0x8c;0xa8;0x9c;0xfb;0xd;0xd0;0x10
0xeb;0x4a;0x15;0x8c;0x58;0x81;0xbc;0xcf;0x14;0x7b;0xc;0x60;0x59;0x42;0xe8;0xc2;0xdb;0xd6;0xb8;0xd1;0x3f;0x8a;0xb7;0x9b;0x13
0x9a;0xe9;0x3;0x67;0xfe;0x33;0xdc;0xf0;0x83;0x5;0x82;0xa9;0x59;0xea;0x24;0xcf;0xcb;0xa9;0x50;0x51;0x7c;0x16;0x9f;0x5f;0x3e
0xa5;0x4a;0x58;0x6c;0x4c;0xd3;0x58;0x38;0x62;0x48;0x1f;0x58;0x66;0x80;0x35;0x7e;0x9e;0x33;0x2a;0xf7;0x8b;0x10;0xd;0xd4;0x35
0x45;0xa6;0x9c;0xef;0xef;0x5d;0xa1;0x4e;0x0;0xa2;0x42;0xd2;0x15;0xa5;0x7e;0x7e;0x3a;0xe3;0x5b;0x37;0xef;0x91;0xb7;0x5;0x76
0xb1;0x5a;0x5d;0x3a;0xb3;0xb2;0xe1;0x54;0xcb;0x92;0x33;0xbd;0x32;0x84;0x78;0x32;0x2a;0x33;0x85;0x53;0xe3;0x29;0x87;0x2b;0x44
0x1e;0x29;0xf3;0xc;0x46;0xec;0xa8;0xcf;0x20;0xf8;0x36;0x2c;0xc6;0xea;0xcc;0xed;0xbe;0x1;0x5e;0xa0;0xa8;0xbd;0x29;0xbf;0x6e
0x2e;0x67;0x86;0x14;0x42;0x5c;0xfa;0x3f;0x8d;0x70;0x22;0xca;0x6e;0xd5;0x2e;0x95;0xc2;0x55;0x3d;0x76;0x4f;0xfe;0xda;0xae;0x22
0xa4;0xa0;0x1c;0x88;0x88;0xd7;0xb4;0xd8;0x4;0xf5;0x1a;0x92;0x20;0x56;0xe9;0xf9;0x8b;0x6b;0xca;0xdd;0xcc;0xb8;0x8e;0x5a;0x38
0x6c;0xf3;0x3c;0x0;0x19;0x4b;0x77;0xe8;0x9a;0x41;0xbc;0x1a;0xdd;0x97;0xd;0x3b;0x53;0x44;0x14;0xeb;0x13;0x38;0xf4;0xf3;0x98
0x95;0xee;0x7a;0xf3;0xf1;0xfb;0x43;0x39;0x56;0x38;0xb4;0x84;0x4a;0xd9;0xda;0x38;0xf4;0x4;0x85;0x3c;0x23;0x9a;0xa5;0xba;0xd9
0xc4;0xc4;0x1a;0xc2;0xe1;0x96;0xd0;0x0;0x80;0x39;0x6a;0x9c;0x9f;0x7b;0xc4;0x14;0x68;0x58;0x5;0x9d;0xc0;0xc4;0x55;0x94;0x34
0x71;0x27;0x2b;0x92;0x61;0xb0;0x5c;0x4a;0x3b;0xdf;0xe0;0x2e;0xc;0xc7;0x7a;0x17;0x7;0x80;0x9a;0x4d;0xba;0xda;0x9f;0x13;0xde
0x8f;0xe;0x46;0xb2;0xac;0x4;0xc;0xda;0x4d;0x19;0xef;0xd0;0x80;0xf6;0xff;0x11;0x99;0x3e;0x66;0xd3;0xd4;0x4d;0x3a;0x40;0x44
0x53;0x3f;0x78;0x36;0x37;0x3d;0xaa;0x5b;0x30;0x56;0x96;0xe1;0x98;0xeb;0x18;0xb5;0xda;0x40;0x57;0x3;0x5a;0xa2;0x66;0xdb;0x6b
0x93;0xe1;0xa6;0x93;0xd4;0xd7;0x28;0xf2;0x3a;0x53;0xe3;0x8;0x31;0xf;0x19;0x90;0xd8;0x39;0xe2;0xf2;0x24;0xb7;0xd5;0xf5;0xfd
0xbe;0xf2;0x30;0x14;0x86;0xf1;0xe3;0x21;0xa6;0x5a;0x45;0xf2;0xb9;0x50;0xc3;0x1;0xa7;0x3a;0x7c;0x84;0x12;0xf3;0xae;0x10;0xb
0xef;0x38;0x84;0xff;0xf4;0x95;0x2c;0x15;0x2d;0x8;0x57;0x77;0xf0;0x7e;0x2f;0x66;0xea;0xbc;0x35;0xbf;0x4e;0x5d;0x7;0x81;0xb9
0x57;0xca;0x24;0x45;0x8a;0x5f;0x54;0xf6;0xaa;0x94;0xb3;0x63;0x5;0x78;0x43;0x17;0xc1;0xbb;0x47;0x76;0x92;0x3d;0xc7;0x4b;0xb8
0xa2;0x25;0x3d;0x2;0xab;0xe9;0xb7;0x4a;0x3c;0x4e;0x8c;0xae;0x11;0xd7;0xd8;0x43;0x9b;0x65;0x1a;0xcf;0xf9;0x76;0x9e;0xfa;0x90
0x43;0x63;0x89;0xa4;0xf7;0xf3;0x89;0x32;0x73;0xe3;0x44;0x52;0x5f;0xb0;0x52;0x4;0xce;0xd6;0x37;0xc2;0x4f;0x1;0xd;0x5c;0x32
0x81;0xd7;0x36;0x80;0x89;0xb6;0x25;0x85;0x80;0xd8;0x14;0x40;0xec;0xea;0xd;0xa5;0x5a;0x3b;0x4e;0xad;0x3b;0x1;0xcd;0xe1;0xa1
0xd8;0x94;0xc2;0x10;0x87;0x97;0xa7;0xba;0x1a;0x36;0xbf;0xf1;0x60;0x79;0x85;0x4a;0x6a;0x57;0xb0;0xbb;0x3d;0x3c;0x6f;0x12;0xd8
0x31;0xab;0xc9;0xf1;0x96;0xa7;0x39;0x78;0x50;0x3f;0xb8;0x63;0xae;0x73;0x5;0x4c;0xa1;0xad;0x10;0x36;0xa0;0xfa;0x60;0xd;0x11
0x8a;0x60;0x7c;0xb4;0x84;0xb3;0xe5;0x68;0xff;0x4e;0x50;0x35;0x3f;0x5d;0xd;0x72;0x11;0x82;0x5a;0x9a;0x2e;0xe9;0xe9;0x74;0x6a
0x5f;0xad;0x3a;0xb1;0x18;0x3d;0x7d;0xf0;0x33;0xa6;0xed;0x38;0x5f;0xd9;0xa2;0x56;0x8d;0x46;0x29;0xe2;0x59;0x24;0x5a;0xc1;0xac
0xfb;0xe6;0x8b;0xb5;0xfb;0xd6;0x33;0xfa;0x8e;0x31;0x65;0xf0;0x4a;0x84;0x41;0x88;0x44;0xa9;0x14;0xd0;0xb2;0x8c;0x80;0x3f;0x2e
0xe9;0x3;0x43;0xd;0x85;0xf6;0xa2;0x12;0x2b;0xe7;0x1e;0x45;0x67;0xdf;0xfa;0x16;0xe9;0x6a;0x47;0xe4;0x7e;0x81;0x7c;0x36;0x42
0x6a;0xce;0x71;0xdc;0x3d;0xc7;0xfb;0x3c;0x62;0xb7;0x50;0xe8;0x3a;0x59;0xf1;0x4f;0x3f;0xf2;0xb;0xa7;0xb4;0x4;0x5b;0xcc;0x94
0x40;0xee;0x40;0x49;0x7f;0x13;0x6b;0x4f;0xde;0x74;0x1f;0x47;0xee;0xc2;0xc0;0xc3;0x3e;0x8c;0x7;0x37;0x81;0xc;0xf0;0xc9;0x54
0xcf;0x1e;0xf2;0x63;0x71;0x8d;0x0;0x13;0x23;0xdd;0x12;0x1c;0x8d;0xca;0x7e;0x6a;0x54;0x8b;0xad;0x84;0x7d;0xe7;0x93;0x68;0x55
0x3b;0x12;0x99;0xd4;0x19;0x93;0x6a;0x57;0xb8;0xc6;0xab;0x6c;0x24;0x5e;0xd;0xa0;0xaa;0x86;0xc1;0x8a;0x51;0x6b;0x51;0x27;0xe9
0x5d;0xf4;0x3;0xc1;0x2e;0x45;0x40;0xbc;0x58;0x87;0x41;0xcd;0x5c;0x15;0x0;0x20;0xb9;0x25;0x3f;0x1e;0xa7;0x4f;0x38;0x6d;0x29
0xcd;0x8f;0x82;0x11;0x9a;0x64;0xfe;0x4f;0x54;0x76;0xff;0xf3;0x6e;0xed;0x24;0x10;0xe;0xe9;0x4f;0x8f;0x66;0x1b;0xb3;0xfb;0x3a
0x97;0x5c;0x14;0xc6;0x99;0x92;0x76;0x28;0xfe;0x30;0x3c;0xa4;0x56;0xf0;0xa;0x16;0x98;0xb5;0x59;0x6d;0xf4;0xa3;0x91;0x83;0x4
0xeb;0xc8;0x97;0xdd;0x26;0xa4;0x4f;0x59;0x11;0xa7;0x2;0xb9;0x76;0x98;0x2c;0xdd;0x20;0x4d;0xef;0xa7;0x7c;0xb2;0x87;0xfa;0x92
0x8c;0x54;0xb0;0x5b;0x3e;0x51;0xcb;0x15;0x75;0xca;0x0;0xfb;0x4c;0xae;0xbd;0xcb;0x5a;0x38;0x20;0x94;0xf3;0xd;0xc;0xa4;0x87
0x94;0x3e;0xda;0xcc;0x2a;0x81;0x78;0x1c;0x5c;0xbe;0x9a;0xfd;0x47;0xce;0xea;0xaf;0x5e;0x18;0x52;0xf2;0x3;0xa4;0x36;0xaf;0xe
0xaf;0x8f;0x99;0xe7;0xfb;0x16;0x41;0x6d;0x72;0xd7;0xcb;0x67;0x2f;0xcb;0x9;0x6e;0xed;0x5f;0x2c;0xc9;0xaa;0x24;0x8a;0xe6;0x97
0x83;0xaf;0x40;0x69;0x39;0x27;0x7;0x55;0x5c;0x7e;0x82;0x85;0xde;0xb6;0xbe;0x5f;0x40;0x3;0x27;0xf7;0xcf;0x8a;0xb5;0x5;0xde
0x15;0x7a;0x82;0x34;0xa8;0x1a;0xb4;0x9d;0x37;0x42;0x4d;0xa4;0x1e;0x23;0x18;0x3d;0x87;0xd8;0x34;0x30;0x3b;0xa;0x80;0xa4;0x93
0x36;0x13;0xff;0x61;0xa0;0xb8;0xb8;0xf3;0x36;0x80;0xe0;0x1e;0xd2;0x17;0x78;0x28;0x61;0x88;0xcd;0xaa;0xff;0x76;0x65;0x8b;0x7e
0x3b;0xf9;0xe2;0x8e;0xef;0xe3;0x39;0xc8;0xab;0x72;0xed;0x1c;0x8d;0x23;0x5c;0xd7;0xca;0xa4;0x52;0x72;0xbd;0x3e;0x8b;0xe5;0x6a
0xa8;0x52;0xf3;0x3e;0x57;0x98;0x3b;0xe6;0xb2;0x1a;0x48;0x25;0x17;0x1a;0x94;0xf4;0xdd;0x93;0x85;0xd7;0xe3;0x36;0x2c;0x12;0x50
0x87;0x7f;0xb5;0x70;0xa0;0xc;0x71;0xfd;0x49;0xfd;0x56;0xc3;0x25;0xd5;0xef;0x1e;0x6d;0xaf;0xe1;0xf0;0xfb;0xf2;0xe;0x8c;0x2d
0x35;0xa7;0x14;0x87;0xf1;0x8b;0xfa;0xc;0xf6;0x38;0xcb;0x2;0x37;0xf0;0x50;0xbe;0x56;0x25;0xa5;0x5b;0xa5;0x6a;0x87;0xbe;0xe8
0x6;0xb1;0x93;0x1d;0x7c;0x46;0x8c;0x82;0xd2;0x24;0x82;0xe3;0x66;0x44;0x14;0xc4;0x72;0xe7;0xf6;0xc9;0x77;0xbc;0xc1;0x46;0xca
0xc5;0xa7;0xb8;0x36;0xf6;0x66;0xf9;0x83;0x23;0xbf;0xe6;0x62;0xc8;0x25;0x98;0x9f;0x46;0xc3;0x33;0x83;0xee;0x3c;0x97;0x5d;0x7d
0x3c;0xa6;0x10;0x96;0xa2;0xd5;0xad;0xc6;0xe8;0xd1;0x13;0xa;0x52;0xa3;0x55;0xf8;0x70;0xad;0xce;0xad;0xc1;0xbe;0xbd;0x44;0xe0
0xc9;0x8b;0x21;0xda;0x4d;0x7f;0xaf;0x14;0xa3;0x90;0xd9;0xa3;0xde;0x47;0xc7;0x91;0x13;0x48;0xba;0x86;0xa4;0xc0;0xd6;0x2e;0xc8
0x13;0x84;0xc6;0x6a;0x2d;0xc5;0xf1;0x6c;0x5b;0x69;0x50;0x29;0xa6;0xe7;0x27;0x2a;0x95;0x38;0xdf;0x17;0x78;0x70;0x90;0xb5;0x1b
0xe0;0x8f;0x78;0xa5;0xd1;0x4a;0xfe;0x17;0x9a;0x66;0xd9;0x9f;0x84;0xd4;0x7;0x10;0x81;0x4d;0xcd;0xc9;0x46;0xe9;0x65;0x45;0x2c
0x77;0xdb;0x76;0xa1;0x74;0xc5;0xc;0x1b;0x19;0x8b;0xb0;0x7a;0xf2;0x6d;0xc5;0x7b;0xc6;0xb0;0x85;0x4;0x11;0xaf;0xed;0x2e;0x42
0x7c;0x39;0x1c;0x44;0x6e;0x6f;0x6b;0x25;0x9e;0x27;0xda;0xd6;0xb;0x76;0x3a;0x87;0x7d;0x3;0x61;0x56;0x5b;0xda;0x72;0x2b;0xf6
0x60;0x32;0xc2;0x68;0x9;0x1b;0x9d;0xb3;0xc6;0xf8;0x5e;0xe1;0x1d;0x30;0x8e;0xf4;0x39;0x7e;0x6d;0x28;0x5e;0xfa;0x65;0x4f;0xf9
0x8;0x3c;0xd2;0x35;0x6f;0xf1;0x3d;0x31;0x36;0xeb;0x24;0x98;0x68;0x93;0x75;0x65;0x36;0x5b;0xa7;0xa8;0x46;0x10;0x86;0x64;0x5f
0x9c;0x43;0x66;0x89;0xea;0xa6;0x23;0x49;0x74;0x69;0x1b;0x29;0x6f;0x48;0x2;0xea;0xa6;0x44;0x0;0x95;0x4c;0x47;0xd1;0x6c;0xd2
0xb5;0xec;0x5b;0xb;0xb9;0xeb;0x3b;0x77;0x61;0xe9;0x5c;0xda;0x62;0xc2;0x1e;0xef;0x83;0x21;0x3;0xcc;0xd8;0xf6;0x92;0x80;0x7
0x99;0x22;0xa5;0x17;0xe1;0xab;0x1c;0xde;0xd3;0x5a;0xdd;0x1c;0xe;0xa5;0x1;0xf;0xf8;0x10;0x1d;0x16;0x7c;0xed;0xb5;0x82;0x2b
0xb;0x9;0x78;0xcc;0x9c;0x1d;0xec;0xac;0x49;0xdf;0x46;0x2;0x6b;0x21;0x1;0x4;0x7c;0xa3;0x59;0xac;0x9d;0x4f;0x82;0xd4;0xf8
0x5d;0x26;0x4b;0x5d;0xcc;0x3f;0x16;0xc8;0xd0;0x40;0x8c;0x15;0x2f;0x70;0x5e;0xad;0x1f;0xbf;0xed;0xd5;0x9c;0xb5;0x79;0x16;0xe8
0x94;0x91;0x1d;0x28;0x29;0x29;0x83;0xe1;0xbf;0xea;0x8b;0xdc;0x5a;0x7c;0xbe;0x4e;0xb8;0x94;0x98;0xa3;0x8c;0x52;0xf0;0x2b;0x4f
0x53;0xac;0x77;0xeb;0x60;0xcf;0x89;0x6b;0x7c;0xbe;0xe3;0x6b;0x3b;0x4c;0x3d;0x15;0x7d;0x3f;0x48;0xf9;0xfb;0xee;0x19;0x3e;0x94
0xba;0x40;0x23;0x48;0x80;0xf3;0x5c;0xdb;0x16;0x4f;0xcf;0xd4;0x85;0x3;0x38;0x9e;0xf6;0x10;0x38;0x9c;0x39;0x84;0xb3;0xcc;0x85
0x78;0x51;0xfd;0x7a;0x4;0x77;0x3c;0x95;0x2b;0x7e;0x8a;0xaf;0x3e;0xdb;0x21;0x13;0x25;0x3;0x42;0xbb;0xbf;0xb4;0xb7;0x50;0x83
0x20;0x43;0x23;0x1d;0xab;0x5d;0x96;0xb4;0xaa;0x61;0x70;0xfd;0xbc;0x92;0x68;0x11;0x73;0xa7;0xd0;0xf2;0xbc;0xeb;0x65;0xa7;0x77
0xa5;0xf1;0x39;0xf1;0xa5;0x63;0x1c;0x49;0xaa;0x2c;0x47;0x0;0x35;0x78;0x94;0x97;0x17;0x93;0x7f;0x16;0x3c;0xe2;0x80;0x7f;0xe9
0x5f;0x86;0x61;0x75;0x42;0xbe;0xed;0x18;0x73;0xd;0xa9;0x84;0x8a;0x11;0xc4;0x78;0x55;0x6a;0x5e;0xa0;0x80;0xa7;0x58;0xb8;0x94
0x84;0x5;0xe3;0x2a;0x9b;0x48;0xbd;0xe5;0x1f;0x1f;0xc1;0x83;0x73;0xa9;0x15;0xb5;0x2e;0x3e;0x5e;0x7b;0xce;0x7b;0x95;0x80;0x4a
0x44;0x20;0x68;0x2d;0xe3;0x60;0xf4;0xcb;0x7d;0x1b;0xbe;0x5c;0x5e;0x42;0x87;0xcb;0x65;0x9e;0x2;0x17;0x4e;0xa8;0xc7;0x9e;0xbf
0x7;0x88;0xb9;0xee;0xd;0x32;0xa5;0xfa;0xad;0x50;0x85;0x36;0x24;0xad;0x98;0xfc;0xf5;0x7c;0x1c;0xaa;0x79;0x5b;0xec;0xe6;0x2a
0xe7;0x97;0xe3;0x9;0x47;0x73;0x7f;0xd9;0x49;0x47;0x65;0x32;0xbc;0xf3;0xff;0x8c;0x51;0x34;0x55;0xc4;0xc2;0x65;0x3f;0xe;0x38
0x91;0x30;0xb4;0xe7;0x57;0x8f;0xf6;0x74;0xb7;0x16;0xc6;0x15;0x46;0x3a;0x5b;0x9;0x51;0xcb;0x91;0x2a;0x7a;0xfa;0x1a;0xe0;0xc
0x40;0x51;0x9a;0x63;0xae;0x1;0xe9;0x8e;0xba;0xba;0xf6;0x89;0xc4;0xe5;0xe7;0x0;0x5e;0x57;0x2a;0xc3;0x8e;0x96;0xed;0xbf;0xb6
0xf8;0xdc;0x57;0xe2;0x66;0x77;0x90;0x18;0x65;0x5e;0x12;0x7b;0x21;0x9a;0x46;0x4d;0x46;0xe4;0xd6;0x89;0x9d;0xfa;0x62;0x8b;0x7c
0xa7;0xf5;0x37;0xd0;0xfc;0x63;0x60;0xb;0x92;0x6c;0x72;0xc1;0xb5;0xe5;0xc5;0x7d;0xb;0xd8;0xcc;0x9e;0xf;0x92;0xcc;0x81;0xcc
0xb0;0x20;0xbe;0xe6;0xd4;0x52;0xa9;0x3e;0x16;0x94;0xb8;0xeb;0xd8;0xc3;0xcc;0x1b;0x16;0x70;0x80;0x88;0x99;0x18;0xd9;0x24;0x6a
0xf4;0xbf;0x3;0xc;0x98;0xc8;0x52;0xab;0x50;0xb2;0x4c;0x4a;0x54;0x41;0x1b;0x4c;0x1c;0xf8;0x3f;0xa4;0x18;0x4f;0x89;0x37;0x8b
0x85;0x4;0x6b;0x31;0xee;0xd2;0x2c;0x1;0xae;0x72;0x19;0x67;0x87;0x33;0x4f;0x54;0xab;0x58;0x3b;0xad;0x48;0xe3;0x74;0x39;0x70
0xc;0x86;0x6;0x9b;0x64;0x61;0x96;0x83;0x55;0xd0;0x68;0x6d;0xd9;0x67;0x5f;0x54;0x46;0x36;0x29;0x6a;0x57;0x50;0x0;0x51;0xbc
0x7c;0xc1;0xf;0x22;0x2e;0x0;0x5e;0x11;0x53;0x6;0xb6;0x24;0x29;0x6d;0x3e;0x73;0xdf;0x15;0xff;0x7b;0x1f;0xf6;0x2a;0x7d;0xdc
0x87;0x66;0xa0;0xa0;0x0;0x82;0x44;0x29;0x33;0x8e;0x2f;0x0;0xca;0x60;0xa;0x32;0x30;0x9f;0x5c;0xce;0x91;0x62;0xc9;0x11;0x2
0xda;0x99;0xfa;0xf2;0x91;0x15;0x8f;0xed;0xdc;0xb6;0x74;0x85;0x0;0xe9;0xa2;0x7d;0xd3;0xf8;0x1f;0xe4;0x72;0xd0;0x27;0xb;0xe0
0x77;0x61;0x3;0xea;0x33;0x6e;0x8e;0x19;0xca;0x89;0xdc;0x1b;0x27;0xe1;0xf0;0x99;0x55;0x35;0x66;0x21;0x65;0x77;0x70;0xb0;0x72
0x5b;0x42;0x7d;0x9e;0x32;0xbe;0x17;0x49;0xdb;0x5b;0x5d;0x57;0x8a;0xd8;0xf3;0xd6;0xf;0x7a;0x2b;0x45;0x9b;0x9f;0xa8;0x86;0xad
0x24;0xfe;0x14;0x28;0x3f;0x9c;0xca;0x90;0x20;0x17;0x86;0xf;0xf3;0x88;0x54;0x19;0xc8;0xc0;0xf0;0x0;0x39;0xa6;0x39;0xb3;0xfa
0xbc;0xdb;0xd0;0xbf;0xa;0x6c;0x43;0xab;0xca;0x92;0x7b;0x6f;0xaa;0x5d;0x90;0x4e;0x3a;0x23;0x48;0x6e;0x83;0x47;0xbc;0x16;0x1c
0xeb;0xe4;0x95;0x35;0xae;0xac;0x5b;0x49;0x84;0xe7;0xf8;0x15;0xb5;0xa9;0x58;0x94;0x4a;0xea;0x1b;0xe2;0x92;0xaf;0xb0;0xa2;0xd1
0xba;0xa7;0x39;0x17;0x9;0x4e;0x46;0x68;0xff;0x6e;0xb4;0x2b;0xdc;0xcc;0x33;0xaf;0xea;0xf3;0xf1;0x9f;0x4d;0x2;0x15;0x16;0xc0
0xc0;0xb0;0xc5;0xae;0x35;0x60;0xa9;0x9;0xa9;0xea;0x39;0x9b;0xd7;0x72;0xf2;0x1c;0xcb;0x6a;0x90;0xbe;0xc5;0x73;0x61;0x9c;0x65
0xd8;0x6;0xcf;0x34;0xa1;0x3b;0x2;0x1e;0x5d;0x37;0x23;0xf7;0xcb;0xf1;0xd3;0x3e;0xb8;0xbc;0x1;0x32;0xfe;0xeb;0x7f;0xfc;0x33
0xb;0xf;0x9;0xde;0x10;0xa1;0x21;0x81;0xba;0xe8;0x43;0xd9;0x2a;0xee;0xa7;0xa;0x2e;0x95;0x26;0x74;0x7d;0xa0;0xac;0x9a;0x8e
0x88;0x1e;0xe7;0x4f;0x26;0xe4;0xb6;0xe1;0x65;0x1f;0xaf;0x39;0xd8;0x6f;0xb6;0x70;0xab;0x38;0x1c;0xfe;0xc0;0x5;0x97;0x8e;0x3f
0x87;0xd2;0x5;0xe7;0xb;0x3;0x87;0x68;0x31;0x17;0x1e;0x51;0x49;0xbc;0x21;0xe1;0xf1;0x67;0x94;0xc2;0x6c;0xd5;0x7a;0x89;0x3c
0xd;0xb5;0x62;0x81;0xa9;0x31;0x6c;0x8;0x2b;0xd1;0x94;0x4;0x3a;0xc7;0xbd;0x72;0xdc;0xe6;0x2d;0x38;0x61;0xb2;0xa6;0x5c;0xde
0x24;0x1a;0xf5;0xa0;0xfd;0x6d;0x6e;0x87;0xaa;0x6;0x86;0x3a;0xf9;0xb9;0x46;0x3f;0x5f;0x9e;0x1f;0x94;0xa4;0xe0;0x2a;0x77;0x25
0x57;0x2;0xb6;0x88;0xd1;0xe7;0xd1;0x70;0xd7;0xee;0x1f;0xca;0xb0;0xb6;0xd1;0x16;0x5e;0x4b;0x5a;0x57;0x49;0xc;0xc6;0x5c;0x1
0x62;0xdb;0xf1;0x75;0x3a;0x36;0x4e;0xfa;0x14;0xcf;0x77;0xbc;0xff;0x0;0xc6;0x75;0xd5;0x96;0x2d;0x1b;0x36;0x37;0x2d;0x10;0x24
0x20;0xca;0xdb;0x80;0x4f;0xe6;0xec;0xd;0x73;0x62;0x51;0xf3;0x57;0xc3;0x58;0x6c;0x69;0xee;0xb9;0xe;0xb5;0xcc;0x2a;0xec;0xfb
0xc1;0x84;0x5e;0x3e;0x9e;0xf2;0x2c;0x83;0xba;0xd1;0x69;0x70;0x5d;0xe0;0xd0;0x90;0x5;0x9f;0xab;0x2d;0x41;0x9f;0x44;0xad;0x1a
0xb3;0x25;0xfb;0x24;0x10;0x17;0x18;0x37;0x85;0x4e;0xf;0xa8;0xa5;0x47;0xec;0x95;0x85;0xb9;0xc5;0x7e;0x2;0xc1;0xa2;0x30;0x99
0xaa;0x41;0x97;0xef;0xb6;0x2c;0x27;0xa1;0x1d;0x8;0xfb;0xe0;0xc4;0x2b;0xfd;0x3b;0xa7;0x9f;0xa0;0x1e;0x5b;0x29;0xba;0x8a;0x15
0xea;0x25;0xd4;0x71;0xe;0xb7;0x43;0xac;0xa9;0x26;0x7d;0x28;0xa6;0x17;0xb5;0x22;0xb1;0xc1;0x50;0x30;0x14;0x78;0xd;0xc4;0x83
0x16;0xba;0xf0;0x31;0x59;0xf1;0x68;0x93;0x9a;0x6b;0xd7;0x10;0xaa;0x95;0x3;0xcd;0x16;0xbb;0x8e;0x35;0xae;0x38;0x52;0xf7;0xf6
0x22;0x90;0xb6;0x38;0xc5;0x41;0x2f;0xc4;0x2c;0xe;0xa5;0xff;0x64;0xc3;0x75;0x54;0x30;0x9c;0x8f;0x3c;0x6a;0x39;0xb8;0x6a;0x4c
0xba;0x51;0xe1;0x8e;0x2b;0xb5;0xe9;0xdd;0x3e;0x35;0x26;0xd8;0x60;0xf6;0xc5;0x10;0x52;0xe7;0x96;0x5c;0x14;0x5b;0xf3;0xf;0x7b
0x75;0x86;0xe0;0x27;0x25;0xbd;0x44;0xb8;0x60;0x7;0x99;0x32;0xcf;0x92;0x6d;0x5c;0x47;0xe;0x33;0x1b;0x12;0xea;0xa1;0x5e;0xbd
0x59;0xc6;0x37;0x4d;0xcd;0xf1;0xe9;0x4b;0x2;0xd1;0x94;0x82;0x8f;0xf9;0x53;0xf8;0x1a;0x37;0x38;0xcb;0x84;0x9;0xd5;0x84;0x83
0xbb;0xc3;0x3f;0x2b;0x15;0xfa;0xff;0x4a;0x94;0x41;0x61;0x27;0xd7;0x9e;0x38;0xb;0x15;0x2e;0xe7;0x71;0x3c;0x3f;0x8d;0xe4;0x75
0x1e;0x5c;0x41;0xa8;0x20;0xc8;0xf7;0xf4;0xde;0x13;0x4;0x3e;0x4d;0xfe;0x94;0xc9;0x13;0x2f;0x5c;0x74;0x53;0x1;0x40;0x50;0x9b
0x6d;0x25;0x23;0x7f;0x49;0xbf;0x21;0xb8;0x98;0x8;0x9d;0xec;0x93;0x69;0x96;0xe6;0x5f;0x2;0xa7;0xb6;0x5f;0x87;0x43;0x60;0x1b
0xf6;0xdf;0xf0;0xb7;0x98;0xee;0xe;0x51;0x9a;0x57;0x1c;0x48;0x6e;0xbb;0x4d;0x8b;0x3c;0x1b;0x4c;0xc;0xef;0xb;0xaa;0x74;0x2d
0x34;0x9;0x4f;0x42;0x9d;0xff;0x2e;0x9d;0x9;0xd8;0x34;0xfd;0x5d;0xa9;0x6b;0x8b;0xb0;0xaf;0x9b;0xa9;0xe4;0x9a;0x60;0x47;0x7a
0xae;0xf5;0x22;0xe2;0x22;0x94;0x60;0x3a;0xaf;0x71;0x98;0x2f;0x9a;0x45;0x3d;0x59;0x24;0x42;0x9d;0xed;0x9b;0x66;0x39;0x1a;0xce
0xe3;0xc6;0x46;0xd6;0xcf;0x73;0x59;0xc2;0x35;0x7b;0xf8;0xf1;0x31;0xd9;0x4b;0x15;0xf4;0xe7;0x12;0x87;0x84;0xdc;0xce;0x66;0x88
0xf5;0x8;0x7e;0x7;0x7a;0xaa;0x33;0x5b;0x3d;0x1b;0x9f;0x90;0xb2;0xd3;0x32;0x11;0x57;0xee;0x92;0x1a;0x26;0xc4;0x22;0xa6;0x97
0x42;0x6f;0xef;0x3d;0xaa;0xeb;0x69;0x13;0xc1;0x89;0xc5;0xd7;0xb2;0xa0;0xcf;0x12;0x4a;0x63;0x2b;0xf9;0x5e;0x3f;0xbf;0x36;0x7
0x99;0x9e;0x50;0xd4;0xa3;0x4f;0xb5;0xc5;0x77;0xab;0x8;0xc2;0x34;0x9e;0x28;0xed;0x3d;0x9a;0x3c;0x9;0x5a;0x3e;0xc0;0x39;0xa7
0xb2;0x64;0xa0;0xa2;0xf4;0x73;0x2b;0xb2;0x1d;0xee;0x21;0xd7;0x86;0x14;0xc6;0xc9;0x45;0xe9;0x37;0xd7;0x6d;0x6b;0xa9;0xce;0xa2
0x76;0xd9;0x7e;0x7c;0xc0;0x49;0xb4;0x67;0x78;0x7c;0xd5;0xc9;0x20;0x35;0xb5;0x44;0xe2;0x54;0x7f;0x61;0xa2;0xc2;0x17;0x4e;0xac
0x63;0xa3;0xe4;0x78;0xf4;0x75;0x69;0x66;0xab;0x92;0x3;0x8b;0x78;0x5a;0xd1;0xd7;0xe7;0x41;0xfc;0x70;0x89;0x47;0xb0;0xec;0x4b
0x1c;0x4;0x63;0x80;0xf0;0x64;0x1b;0x6e;0xe6;0xbf;0xb2;0xb1;0xe1;0x59;0xcf;0x67;0x5a;0x5a;0x90;0xd4;0x20;0xe;0x3e;0x93;0x4
0x2a;0xd3;0x3e;0xb;0x3b;0xa3;0x16;0x9b;0x5c;0xd0;0x56;0xb3;0x39;0xb;0x34;0xa6;0xe1;0x48;0xd4;0x68;0x15;0xf6;0x18;0x7a;0xec
0xea;0x75;0xca;0x25;0x61;0x32;0x23;0xf8;0xe1;0xad;0x88;0x43;0x97;0xe0;0x17;0xf5;0xac;0xf9;0x58;0xfc;0xf5;0x3f;0x8b;0xa1;0xe6
0xab;0xd3;0x32;0xe7;0x57;0x1b;0x9d;0x94;0xab;0xd0;0x4e;0x1d;0xd8;0xb0;0xeb;0x11;0x13;0x40;0x24;0xaf;0x11;0x2;0x42;0x82;0x70
0x2d;0x88;0x35;0x1c;0xa1;0xe0;0x7;0xe4;0x64;0xec;0xf;0xe1;0xe2;0xd3;0xf6;0xd5;0x55;0x57;0x7b;0xa2;0xd1;0x9d;0xa9;0xe2;0xc8
0x3a;0x13;0x9a;0xe;0x46;0x57;0xdb;0xe5;0xf0;0x9c;0x49;0x16;0xca;0x87;0x6e;0x16;0xdc;0x75;0xe0;0x4b;0xb0;0xbf;0x81;0xe9;0x11
0x4f;0x22;0x8c;0xbe;0x19;0xc8;0x2;0x76;0xd5;0xff;0x5f;0xb6;0x1;0x81;0xea;0xc1;0x2a;0x79;0x13;0x47;0x3f;0xe1;0x55;0xa8;0xf0
0xfd;0x83;0xa3;0x31;0x9d;0xaf;0x92;0x7c;0x4d;0x91;0x15;0x7;0x5d;0xc6;0x6b;0x5a;0x9c;0x86;0x6a;0xce;0x45;0x7a;0x1e;0xa6;0x25
0x7f;0xbb;0x5b;0x65;0xb9;0x70;0xb9;0x68;0xf6;0xa6;0x6;0xc8;0x5f;0xff;0x80;0x60;0x98;0x2d;0x60;0x31;0x4b;0xb;0x6f;0x81;0x9c
0xf7;0xf;0x12;0x17;0x47;0x6c;0x4e;0x4a;0x45;0x88;0x13;0x1f;0x28;0xf1;0xd4;0xe;0x30;0xfa;0xdc;0x82;0xec;0xdf;0xdc;0x26;0x70
0xb7;0x5b;0x48;0x2e;0xd0;0x73;0xf3;0xea;0x8;0xc5;0x95;0x78;0x4;0xaa;0xe6;0x6;0x93;0x50;0xc0;0x5f;0xec;0x2;0xc8;0xcc;0x6b
0xee;0x84;0x2d;0x45;0xc6;0xfe;0x3f;0xb7;0x42;0x84;0x28;0x9a;0xb;0x4;0x7;0x2a;0x8b;0x63;0x51;0xea;0xbb;0xd3;0x50;0x33;0x37
0xe7;0x9c;0x9b;0xe7;0x57;0x14;0xef;0xe7;0x7c;0x70;0xf6;0x60;0x88;0xa2;0xf1;0x40;0xc7;0xac;0x6e;0x30;0xac;0x89;0x27;0x3f;0xd5
0xb5;0xa9;0xcb;0x4d;0x73;0x20;0x8;0xd0;0xce;0xf1;0xd5;0xaf;0xda;0x21;0x36;0x5a;0xbe;0xc8;0x30;0xd0;0x1b;0x97;0x9d;0x44;0xf8
0x7b;0x55;0xbe;0x3b;0x42;0x11;0xa4;0x7;0xe8;0xd7;0x81;0xc7;0xf6;0x1b;0x7c;0x84;0x8d;0x71;0x51;0xc3;0x1f;0xaf;0xb0;0x9f;0x22
0x1b;0x18;0xb6;0xf4;0x19;0x24;0xfc;0x7;0x4b;0x9;0xbb;0x7;0xdf;0xea;0x5f;0x55;0xc1;0xaf;0x2;0xf3;0x77;0x10;0xe1;0x2c;0xff
0xbb;0xe0;0xf6;0xb0;0xf0;0x17;0xef;0x8;0xaa;0x1b;0x6b;0x96;0x6e;0x6c;0x67;0x32;0xc8;0xd;0x42;0x6b;0x7d;0x25;0x46;0xea;0x46
0x23;0xdd;0xf5;0x4;0x48;0xd4;0x68;0x73;0x87;0x84;0x63;0x9d;0x8a;0xe2;0x74;0xbe;0xb6;0x3e;0x39;0xd4;0xcf;0xcb;0xda;0xa1;0xdf
0x48;0xa;0xda;0x4d;0x37;0xf;0xac;0xfc;0xa8;0x10;0xe7;0xb8;0xf9;0x68;0xd6;0x86;0x4d;0xca;0xe2;0xc7;0x71;0x12;0x45;0xc1;0xa9
0x64;0xd4;0x38;0xd8;0xc7;0x28;0xc9;0x25;0x78;0x9c;0x3e;0xc2;0x28;0x3;0x58;0x64;0xa4;0xc1;0x61;0x1b;0xa5;0xb8;0x9c;0x75;0x37
0x31;0x21;0x49;0xc0;0x15;0xe3;0x1;0x94;0x38;0xc;0xf2;0xf3;0x70;0xee;0x49;0x48;0xb7;0x89;0xec;0xb5;0xb;0xac;0xe8;0xc5;0x7f
0xd3;0x37;0xa9;0xe8;0x7a;0xbb;0xca;0xc0;0x63;0xc0;0x69;0x42;0x5b;0x32;0x64;0xad;0xa3;0x75;0x7b;0xd8;0x48;0xbf;0xfc;0xf9;0x2d
0xcf;0x6a;0x7;0x92;0xff;0x24;0x69;0xe1;0xd6;0x2;0x62;0xa8;0x2e;0x3;0x18;0xa6;0x0;0xff;0xd1;0xea;0xea;0xec;0x29;0x26;0xfa
0x55;0x67;0x34;0xb3;0x80;0x16;0xf2;0xb9;0xa0;0x6b;0x53;0xba;0x8e;0x7e;0x26;0x5c;0x8;0xca;0x7e;0x18;0xc3;0xf1;0x5c;0x9a;0x8c
0x27;0x5e;0xe1;0x17;0xc8;0x67;0xb9;0x4;0xaa;0x58;0xe3;0xa4;0x42;0x8c;0x23;0x3e;0x77;0xf6;0x8d;0x6e;0x69;0xc4;0x7a;0x25;0xae
0x75;0xc5;0x27;0x61;0x71;0x6e;0xdb;0xd2;0x97;0x28;0x98;0xc4;0x68;0xe8;0x48;0xf0;0xa0;0x57;0x24;0x31;0xda;0x76;0x5c;0x6a;0xca
0x25;0x43;0x79;0x11;0xd7;0xd6;0x85;0x5b;0xc5;0x0;0x51;0xb3;0x97;0xc6;0x4;0x1c;0xe;0x7f;0xef;0xb3;0x19;0x58;0xc9;0x31;0x8
0xb1;0xe3;0xa9;0xc2;0x9c;0x2e;0x1a;0xf2;0x5f;0x6b;0x89;0xba;0x43;0x4d;0x93;0xa9;0x1d;0xf5;0xec;0x13;0x2f;0x45;0xc4;0x97;0xe9
0x65;0x48;0x88;0x8c;0x81;0xb5;0x2c;0x97;0xee;0xd;0x1c;0x5b;0xdd;0xbf;0x4c;0x73;0x21;0xf1;0x54;0x13;0xff;0x5c;0x47;0x4b;0x33
0xf;0x65;0xe4;0x33;0x19;0xd7;0x5;0xb2;0xb2;0xae;0xd8;0x1d;0xca;0xc4;0xab;0x72;0x34;0xb;0x17;0x32;0xc2;0x6e;0x25;0x4d;0xe3
0x42;0xf6;0x6d;0xe8;0x14;0xe;0x17;0x83;0xc4;0x11;0x39;0xbd;0x1b;0x90;0x15;0xae;0x6d;0x55;0xa;0x89;0xd0;0x19;0x5f;0x1a;0x18
